"","name","date","jira_count","svn_count","email_count","jira_type","jira_priority","votes","watches","cluster"
"1","cm_t1",1,0,84,156,0,0,0,0,9
"2","cm_t1",2,0,83,140,0,0,0,0,9
"3","cm_t1",3,0,386,186,0,0,0,0,2
"4","cm_t1",4,0,15,72,0,0,0,0,9
"5","cm_t1",5,0,60,162,0,0,0,0,9
"6","cm_t1",6,0,102,360,0,0,0,0,2
"7","cm_t1",7,0,587,407,0,0,0,0,2
"8","cm_t1",8,0,88,231,0,0,0,0,2
"9","cm_t1",9,0,50,264,0,0,0,0,2
"10","cm_t1",10,0,108,154,0,0,0,0,9
"11","cm_t1",11,0,101,418,0,0,0,0,2
"12","cm_t1",12,0,200,234,0,0,0,0,2
"13","cm_t1",13,0,105,140,0,0,0,0,9
"14","cm_t1",14,0,179,299,0,0,0,0,2
"15","cm_t1",15,0,57,150,0,0,0,0,9
"16","cm_t1",16,0,90,126,0,0,0,0,9
"17","cm_t1",17,0,173,372,0,0,0,0,2
"18","cm_t1",18,0,70,115,0,0,0,0,9
"19","cm_t1",19,0,132,261,0,0,0,0,2
"20","cm_t1",20,0,116,114,0,0,0,0,9
"21","cm_t1",21,0,51,175,0,0,0,0,9
"22","cm_t1",22,0,29,135,0,0,0,0,9
"23","cm_t1",23,9,83,126,1,5,0,54,9
"24","cm_t1",24,0,28,96,0,0,0,0,9
"25","cm_t1",25,0,1037,96,0,0,0,0,3
"26","cm_t1",26,0,93,416,0,0,0,0,2
"27","cm_t1",27,9,129,270,1,4,0,36,2
"28","cm_t1",28,0,224,216,0,0,0,0,2
"29","cm_t1",29,0,31,125,0,0,0,0,9
"30","cm_t1",30,0,140,216,0,0,0,0,2
"31","cm_t1",31,3,26,42,1,2,0,27,9
"32","cm_t2",1,0,30,51,0,0,0,0,9
"33","cm_t2",2,0,26,54,0,0,0,0,9
"34","cm_t2",3,0,3,9,0,0,0,0,9
"35","cm_t2",4,0,7,19,0,0,0,0,9
"36","cm_t2",5,0,133,32,0,0,0,0,9
"37","cm_t2",6,0,16,20,0,0,0,0,9
"38","cm_t2",7,0,133,80,0,0,0,0,9
"39","cm_t2",8,0,15,20,0,0,0,0,9
"40","cm_t2",9,0,17,51,0,0,0,0,9
"41","cm_t2",10,0,47,54,0,0,0,0,9
"42","cm_t2",11,0,0,13,0,0,0,0,9
"43","cm_t2",12,0,42,21,0,0,0,0,9
"44","cm_t2",13,0,0,12,0,0,0,0,9
"45","cm_t2",14,0,16,39,0,0,0,0,9
"46","cm_t2",15,0,5,16,0,0,0,0,9
"47","cm_t2",16,0,34,48,0,0,0,0,9
"48","cm_t2",17,0,77,22,0,0,0,0,9
"49","cm_t2",18,0,51,33,0,0,0,0,9
"50","cm_t2",19,0,86,42,0,0,0,0,9
"51","cm_t2",20,0,23,30,0,0,0,0,9
"52","cm_t2",21,0,21,30,0,0,0,0,9
"53","cm_t2",22,0,65,45,0,0,0,0,9
"54","cm_t2",23,0,16,18,0,0,0,0,9
"55","cm_t2",24,0,5,18,0,0,0,0,9
"56","cm_t2",25,0,3,11,0,0,0,0,9
"57","cm_t2",26,0,60,88,0,0,0,0,9
"58","cm_t2",27,0,3,18,0,0,0,0,9
"59","cm_t2",28,0,3,16,0,0,0,0,9
"60","cm_t2",29,2,8,34,1,4,0,10,9
"61","cm_t2",30,0,21,57,0,0,0,0,9
"62","cm_t2",31,3,28,24,1,4,0,12,9
"63","cm_t3",1,0,7,30,0,0,0,0,9
"64","cm_t3",2,0,0,29,0,0,0,0,9
"65","cm_t3",3,0,19,78,0,0,0,0,9
"66","cm_t3",4,0,3,34,0,0,0,0,9
"67","cm_t3",5,0,5,26,0,0,0,0,9
"68","cm_t3",6,0,28,31,0,0,0,0,9
"69","cm_t3",7,0,45,132,0,0,0,0,9
"70","cm_t3",8,0,0,29,0,0,0,0,9
"71","cm_t3",9,0,21,28,0,0,0,0,9
"72","cm_t3",10,0,11,33,0,0,0,0,9
"73","cm_t3",11,0,0,37,0,0,0,0,9
"74","cm_t3",12,0,14,42,0,0,0,0,9
"75","cm_t3",13,0,16,72,0,0,0,0,9
"76","cm_t3",14,0,13,48,0,0,0,0,9
"77","cm_t3",15,0,0,28,0,0,0,0,9
"78","cm_t3",16,0,5,40,0,0,0,0,9
"79","cm_t3",17,0,20,64,0,0,0,0,9
"80","cm_t3",18,0,5,37,0,0,0,0,9
"81","cm_t3",19,0,0,25,0,0,0,0,9
"82","cm_t3",20,0,0,26,0,0,0,0,9
"83","cm_t3",21,0,27,141,0,0,0,0,9
"84","cm_t3",22,0,14,76,0,0,0,0,9
"85","cm_t3",23,0,12,58,0,0,0,0,9
"86","cm_t3",24,0,7,56,0,0,0,0,9
"87","cm_t3",25,0,0,26,0,0,0,0,9
"88","cm_t3",26,0,3,32,0,0,0,0,9
"89","cm_t3",27,0,0,24,0,0,0,0,9
"90","cm_t3",28,1,4,31,0,4,0,3,9
"91","cm_t3",29,0,0,39,0,0,0,0,9
"92","cm_t3",30,0,23,76,0,0,0,0,9
"93","cm_t3",31,1,3,29,1,2,0,5,9
"94","cm_t4",1,0,63,156,0,0,0,0,9
"95","cm_t4",2,0,48,96,0,0,0,0,9
"96","cm_t4",3,0,28,80,0,0,0,0,9
"97","cm_t4",4,0,146,30,0,0,0,0,9
"98","cm_t4",5,0,36,56,0,0,0,0,9
"99","cm_t4",6,0,56,180,0,0,0,0,9
"100","cm_t4",7,0,29,165,0,0,0,0,9
"101","cm_t4",8,0,10,48,0,0,0,0,9
"102","cm_t4",9,0,29,27,0,0,0,0,9
"103","cm_t4",10,0,36,68,0,0,0,0,9
"104","cm_t4",11,0,21,105,0,0,0,0,9
"105","cm_t4",12,0,10,12,0,0,0,0,9
"106","cm_t4",13,0,34,76,0,0,0,0,9
"107","cm_t4",14,0,21,63,0,0,0,0,9
"108","cm_t4",15,0,5,26,0,0,0,0,9
"109","cm_t4",16,0,54,189,0,0,0,0,9
"110","cm_t4",17,0,64,40,0,0,0,0,9
"111","cm_t4",18,0,25,60,0,0,0,0,9
"112","cm_t4",19,0,21,39,0,0,0,0,9
"113","cm_t4",20,0,22,68,0,0,0,0,9
"114","cm_t4",21,0,15,105,0,0,0,0,9
"115","cm_t4",22,0,0,12,0,0,0,0,9
"116","cm_t4",23,0,58,66,0,0,0,0,9
"117","cm_t4",24,1,15,21,1,4,0,6,9
"118","cm_t4",25,0,21,60,0,0,0,0,9
"119","cm_t4",26,0,17,48,0,0,0,0,9
"120","cm_t4",27,0,17,24,0,0,0,0,9
"121","cm_t4",28,2,12,54,2,1,0,10,9
"122","cm_t4",29,6,8,20,2,4,0,50,9
"123","cm_t4",30,0,33,51,0,0,0,0,9
"124","cm_t4",31,8,45,36,1,4,0,20,9
"125","cm_t5",1,6,1629,162,1,3,0,24,3
"126","cm_t5",2,0,62,48,0,0,0,0,9
"127","cm_t5",3,0,78,75,0,0,0,0,9
"128","cm_t5",4,0,25,68,0,0,0,0,9
"129","cm_t5",5,0,45,45,0,0,0,0,9
"130","cm_t5",6,0,57,55,0,0,0,0,9
"131","cm_t5",7,0,18,30,0,0,0,0,9
"132","cm_t5",8,0,158,77,0,0,0,0,9
"133","cm_t5",9,0,30,24,0,0,0,0,9
"134","cm_t5",10,0,41,40,0,0,0,0,9
"135","cm_t5",11,0,120,65,0,0,0,0,9
"136","cm_t5",12,0,60,60,0,0,0,0,9
"137","cm_t5",13,0,198,70,0,0,0,0,9
"138","cm_t5",14,0,16,36,0,0,0,0,9
"139","cm_t5",15,7,58,175,1,4,0,42,9
"140","cm_t5",16,0,35,54,0,0,0,0,9
"141","cm_t5",17,5,28,80,0,4,0,15,9
"142","cm_t5",18,10,255,80,1,3,0,40,9
"143","cm_t5",19,0,40,30,0,0,0,0,9
"144","cm_t5",20,0,10,38,0,0,0,0,9
"145","cm_t5",21,5,68,95,1,4,0,10,9
"146","cm_t5",22,0,28,48,0,0,0,0,9
"147","cm_t5",23,3,47,36,1,4,0,6,9
"148","cm_t5",24,3,20,54,1,4,0,6,9
"149","cm_t5",25,0,59,15,0,0,0,0,9
"150","cm_t5",26,0,26,30,0,0,0,0,9
"151","cm_t5",27,0,48,0,0,0,0,0,9
"152","cm_t5",28,0,76,114,0,0,0,0,9
"153","cm_t5",29,6,50,78,1,4,0,30,9
"154","cm_t5",30,0,28,44,0,0,0,0,9
"155","cm_t5",31,1,3,4,1,1,0,2,9
"156","cm_t6",1,6,28,63,1,4,0,12,9
"157","cm_t6",2,2,18,44,0,4,0,10,9
"158","cm_t6",3,0,22,72,0,0,0,0,9
"159","cm_t6",4,0,102,64,0,0,0,0,9
"160","cm_t6",5,0,17,63,0,0,0,0,9
"161","cm_t6",6,0,92,78,0,0,0,0,9
"162","cm_t6",7,0,10,27,0,0,0,0,9
"163","cm_t6",8,0,48,70,0,0,0,0,9
"164","cm_t6",9,0,53,240,0,0,0,0,2
"165","cm_t6",10,0,46,126,0,0,0,0,9
"166","cm_t6",11,0,82,114,0,0,0,0,9
"167","cm_t6",12,3,7,4,2,5,0,5,9
"168","cm_t6",13,5,47,85,3,1,0,10,9
"169","cm_t6",14,6,49,42,1,3,0,12,9
"170","cm_t6",15,0,53,161,0,0,0,0,9
"171","cm_t6",16,0,47,160,0,0,0,0,9
"172","cm_t6",17,0,94,56,0,0,0,0,9
"173","cm_t6",18,0,42,80,0,0,0,0,9
"174","cm_t6",19,0,50,40,0,0,0,0,9
"175","cm_t6",20,2,5,16,2,3,0,3,9
"176","cm_t6",21,0,56,52,0,0,0,0,9
"177","cm_t6",22,3,65,48,1,1,0,9,9
"178","cm_t6",23,15,125,99,5,5,0,27,9
"179","cm_t6",24,16,227,92,1,4,0,104,9
"180","cm_t6",25,3,46,7,2,4,0,9,9
"181","cm_t6",26,4,127,68,1,4,0,16,9
"182","cm_t6",27,6,54,24,1,4,6,27,9
"183","cm_t6",28,28,29,28,2,4,0,76,9
"184","cm_t6",29,8,27,30,2,5,0,34,9
"185","cm_t6",30,15,15,108,2,4,0,36,9
"186","cm_t6",31,6,8,32,2,4,0,22,9
"187","cm_t7",1,0,17,81,0,0,0,0,9
"188","cm_t7",2,0,4,10,0,0,0,0,9
"189","cm_t7",3,0,13,42,0,0,0,0,9
"190","cm_t7",4,0,11,24,0,0,0,0,9
"191","cm_t7",5,0,109,60,0,0,0,0,9
"192","cm_t7",6,0,23,120,0,0,0,0,9
"193","cm_t7",7,0,9,12,0,0,0,0,9
"194","cm_t7",8,0,20,57,0,0,0,0,9
"195","cm_t7",9,0,12,68,0,0,0,0,9
"196","cm_t7",10,0,48,44,0,0,0,0,9
"197","cm_t7",11,0,144,36,0,0,0,0,9
"198","cm_t7",12,0,30,50,0,0,0,0,9
"199","cm_t7",13,0,0,20,0,0,0,0,9
"200","cm_t7",14,0,22,26,0,0,0,0,9
"201","cm_t7",15,0,0,26,0,0,0,0,9
"202","cm_t7",16,0,65,68,0,0,0,0,9
"203","cm_t7",17,0,15,60,0,0,0,0,9
"204","cm_t7",18,0,115,30,0,0,0,0,9
"205","cm_t7",19,0,39,54,0,0,0,0,9
"206","cm_t7",20,0,25,104,0,0,0,0,9
"207","cm_t7",21,0,27,116,0,0,0,0,9
"208","cm_t7",22,0,0,18,0,0,0,0,9
"209","cm_t7",23,0,12,38,0,0,0,0,9
"210","cm_t7",24,0,37,96,0,0,0,0,9
"211","cm_t7",25,0,16,30,0,0,0,0,9
"212","cm_t7",26,0,4,16,0,0,0,0,9
"213","cm_t7",27,0,52,42,0,0,0,0,9
"214","cm_t7",28,0,9,12,0,0,0,0,9
"215","cm_t7",29,0,0,10,0,0,0,0,9
"216","cm_t7",30,0,7,18,0,0,0,0,9
"217","cm_t7",31,0,12,12,0,0,0,0,9
"218","cm_t8",1,8,38,100,2,4,0,56,9
"219","cm_t8",2,0,138,14,0,0,0,0,9
"220","cm_t8",3,0,9,18,0,0,0,0,9
"221","cm_t8",4,0,42,68,0,0,0,0,9
"222","cm_t8",5,0,11,32,0,0,0,0,9
"223","cm_t8",6,0,49,114,0,0,0,0,9
"224","cm_t8",7,0,134,48,0,0,0,0,9
"225","cm_t8",8,0,20,42,0,0,0,0,9
"226","cm_t8",9,0,30,63,0,0,0,0,9
"227","cm_t8",10,5,72,90,2,4,0,5,9
"228","cm_t8",11,4,17,32,1,4,0,8,9
"229","cm_t8",12,0,127,18,0,0,0,0,9
"230","cm_t8",13,0,111,80,0,0,0,0,9
"231","cm_t8",14,0,75,66,0,0,0,0,9
"232","cm_t8",15,0,83,196,0,0,0,0,2
"233","cm_t8",16,6,52,48,1,4,0,12,9
"234","cm_t8",17,0,8,36,0,0,0,0,9
"235","cm_t8",18,0,38,36,0,0,0,0,9
"236","cm_t8",19,0,35,12,0,0,0,0,9
"237","cm_t8",20,5,87,65,1,4,0,10,9
"238","cm_t8",21,0,5,22,0,0,0,0,9
"239","cm_t8",22,0,7,17,0,0,0,0,9
"240","cm_t8",23,1,10,17,1,4,0,8,9
"241","cm_t8",24,0,27,51,0,0,0,0,9
"242","cm_t8",25,0,69,52,0,0,0,0,9
"243","cm_t8",26,0,60,16,0,0,0,0,9
"244","cm_t8",27,0,38,40,0,0,0,0,9
"245","cm_t8",28,30,136,90,1,4,0,180,9
"246","cm_t8",29,0,22,40,0,0,0,0,9
"247","cm_t8",30,0,7,13,0,0,0,0,9
"248","cm_t8",31,4,8,12,2,4,0,20,9
"249","cm_t9",1,5,77,140,1,4,0,15,9
"250","cm_t9",2,0,71,207,0,0,0,0,2
"251","cm_t9",3,0,40,150,0,0,0,0,9
"252","cm_t9",4,0,41,170,0,0,0,0,9
"253","cm_t9",5,0,29,70,0,0,0,0,9
"254","cm_t9",6,0,13,20,0,0,0,0,9
"255","cm_t9",7,0,83,185,0,0,0,0,9
"256","cm_t9",8,0,14,42,0,0,0,0,9
"257","cm_t9",9,0,124,114,0,0,0,0,9
"258","cm_t9",10,0,23,84,0,0,0,0,9
"259","cm_t9",11,0,14,30,0,0,0,0,9
"260","cm_t9",12,0,50,112,0,0,0,0,9
"261","cm_t9",13,0,35,60,0,0,0,0,9
"262","cm_t9",14,0,29,70,0,0,0,0,9
"263","cm_t9",15,0,39,93,0,0,0,0,9
"264","cm_t9",16,0,34,48,0,0,0,0,9
"265","cm_t9",17,0,55,46,0,0,0,0,9
"266","cm_t9",18,0,24,81,0,0,0,0,9
"267","cm_t9",19,0,41,132,0,0,0,0,9
"268","cm_t9",20,0,52,32,0,0,0,0,9
"269","cm_t9",21,0,13,75,0,0,0,0,9
"270","cm_t9",22,0,35,37,0,0,0,0,9
"271","cm_t9",23,0,0,18,0,0,0,0,9
"272","cm_t9",24,0,53,95,0,0,0,0,9
"273","cm_t9",25,0,33,36,0,0,0,0,9
"274","cm_t9",26,0,68,63,0,0,0,0,9
"275","cm_t9",27,0,78,60,0,0,0,0,9
"276","cm_t9",28,0,36,84,0,0,0,0,9
"277","cm_t9",29,3,109,18,1,4,0,18,9
"278","cm_t9",30,0,39,93,0,0,0,0,9
"279","cm_t9",31,2,151,42,2,4,0,16,9
"280","hb_t1",1,0,9,76,0,0,0,0,9
"281","hb_t1",2,0,19,250,0,0,0,0,2
"282","hb_t1",3,0,24,234,0,0,0,0,2
"283","hb_t1",4,0,63,352,0,0,0,0,2
"284","hb_t1",5,0,45,204,0,0,0,0,2
"285","hb_t1",6,0,31,275,0,0,0,0,2
"286","hb_t1",7,0,44,196,0,0,0,0,9
"287","hb_t1",8,0,10,177,0,0,0,0,9
"288","hb_t1",9,0,62,528,0,0,0,0,2
"289","hb_t1",10,0,37,430,0,0,0,0,2
"290","hb_t1",11,0,147,434,0,0,0,0,2
"291","hb_t1",12,0,43,342,0,0,0,0,2
"292","hb_t1",13,0,62,330,0,0,0,0,2
"293","hb_t1",14,0,48,164,0,0,0,0,9
"294","hb_t1",15,0,64,486,0,0,0,0,2
"295","hb_t1",16,0,105,434,0,0,0,0,2
"296","hb_t1",17,0,40,330,0,0,0,0,2
"297","hb_t1",18,0,27,75,0,0,0,0,9
"298","hb_t1",19,0,19,385,0,0,0,0,2
"299","hb_t1",20,0,115,168,0,0,0,0,9
"300","hb_t1",21,0,192,312,0,0,0,0,2
"301","hb_t1",22,6,36,384,5,2,0,24,2
"302","hb_t1",23,0,60,427,0,0,0,0,2
"303","hb_t1",24,0,33,264,0,0,0,0,2
"304","hb_t1",25,6,21,210,2,1,0,30,2
"305","hb_t1",26,0,28,216,0,0,0,0,2
"306","hb_t1",27,0,28,333,0,0,0,0,2
"307","hb_t1",28,6,71,294,1,4,0,60,2
"308","hb_t1",29,6,12,246,1,1,0,30,2
"309","hb_t1",30,0,59,252,0,0,0,0,2
"310","hb_t1",31,0,168,48,0,0,0,0,9
"311","hb_t2",1,0,13,114,0,0,0,0,9
"312","hb_t2",2,4,15,280,3,4,0,20,2
"313","hb_t2",3,8,8,110,1,4,0,36,9
"314","hb_t2",4,0,11,138,0,0,0,0,9
"315","hb_t2",5,0,11,295,0,0,0,0,2
"316","hb_t2",6,0,2,49,0,0,0,0,9
"317","hb_t2",7,0,3,71,0,0,0,0,9
"318","hb_t2",8,0,10,240,0,0,0,0,2
"319","hb_t2",9,0,16,120,0,0,0,0,9
"320","hb_t2",10,0,64,330,0,0,0,0,2
"321","hb_t2",11,0,13,135,0,0,0,0,9
"322","hb_t2",12,0,37,114,0,0,0,0,9
"323","hb_t2",13,0,52,200,0,0,0,0,2
"324","hb_t2",14,0,18,180,0,0,0,0,9
"325","hb_t2",15,0,31,290,0,0,0,0,2
"326","hb_t2",16,0,11,142,0,0,0,0,9
"327","hb_t2",17,0,20,146,0,0,0,0,9
"328","hb_t2",18,0,51,300,0,0,0,0,2
"329","hb_t2",19,0,9,104,0,0,0,0,9
"330","hb_t2",20,0,36,270,0,0,0,0,2
"331","hb_t2",21,0,9,102,0,0,0,0,9
"332","hb_t2",22,0,35,300,0,0,0,0,2
"333","hb_t2",23,0,16,114,0,0,0,0,9
"334","hb_t2",24,6,27,234,2,4,0,18,2
"335","hb_t2",25,12,14,220,2,4,0,68,2
"336","hb_t2",26,6,12,186,1,4,0,30,9
"337","hb_t2",27,0,5,67,0,0,0,0,9
"338","hb_t2",28,1,2,61,1,4,0,3,9
"339","hb_t2",29,12,13,168,2,4,0,48,9
"340","hb_t2",30,3,15,141,1,4,0,9,9
"341","hb_t2",31,0,5,28,0,0,0,0,9
"342","hb_t3",1,0,162,1400,0,0,0,0,8
"343","hb_t3",2,0,158,1365,0,0,0,0,8
"344","hb_t3",3,16,89,864,1,5,0,80,1
"345","hb_t3",4,0,175,1428,0,0,0,0,8
"346","hb_t3",5,0,119,1679,0,0,0,0,8
"347","hb_t3",6,0,117,1584,0,0,0,0,8
"348","hb_t3",7,0,447,1360,0,0,0,0,8
"349","hb_t3",8,0,126,1900,0,0,0,0,8
"350","hb_t3",9,0,184,2744,0,0,0,0,4
"351","hb_t3",10,0,107,1475,0,0,0,0,8
"352","hb_t3",11,0,115,1680,0,0,0,0,8
"353","hb_t3",12,0,185,1806,0,0,0,0,8
"354","hb_t3",13,0,157,1239,0,0,0,0,1
"355","hb_t3",14,0,128,1265,0,0,0,0,1
"356","hb_t3",15,0,273,1596,0,0,0,0,8
"357","hb_t3",16,0,127,1160,0,0,0,0,1
"358","hb_t3",17,0,205,1403,0,0,0,0,8
"359","hb_t3",18,0,232,1872,0,0,0,0,8
"360","hb_t3",19,0,174,2132,0,0,0,0,8
"361","hb_t3",20,10,85,840,0,4,0,40,1
"362","hb_t3",21,36,284,810,3,5,0,306,1
"363","hb_t3",22,0,313,1320,0,0,0,0,8
"364","hb_t3",23,26,151,1378,1,4,0,130,8
"365","hb_t3",24,0,158,1464,0,0,0,0,8
"366","hb_t3",25,0,151,1425,0,0,0,0,8
"367","hb_t3",26,0,906,1500,0,0,0,0,8
"368","hb_t3",27,0,146,1656,0,0,0,0,8
"369","hb_t3",28,0,99,1628,0,0,0,0,8
"370","hb_t3",29,0,175,780,0,0,0,0,1
"371","hb_t3",30,34,140,714,2,4,0,170,1
"372","hb_t3",31,0,132,308,0,0,0,0,2
"373","hb_t4",1,7,23696,84,1,5,0,21,6
"374","hb_t4",2,8,90,176,1,5,0,40,9
"375","hb_t4",3,5,76,110,1,4,0,15,9
"376","hb_t4",4,0,72,330,0,0,0,0,2
"377","hb_t4",5,0,43,287,0,0,0,0,2
"378","hb_t4",6,0,55,308,0,0,0,0,2
"379","hb_t4",7,0,41,308,0,0,0,0,2
"380","hb_t4",8,0,46,144,0,0,0,0,9
"381","hb_t4",9,0,72,336,0,0,0,0,2
"382","hb_t4",10,0,56,270,0,0,0,0,2
"383","hb_t4",11,0,102,288,0,0,0,0,2
"384","hb_t4",12,0,39,85,0,0,0,0,9
"385","hb_t4",13,0,77,216,0,0,0,0,2
"386","hb_t4",14,0,70,324,0,0,0,0,2
"387","hb_t4",15,0,55,253,0,0,0,0,2
"388","hb_t4",16,10,57,220,0,4,0,10,2
"389","hb_t4",17,0,70,126,0,0,0,0,9
"390","hb_t4",18,0,55,336,0,0,0,0,2
"391","hb_t4",19,0,62,286,0,0,0,0,2
"392","hb_t4",20,16,126,464,1,5,0,144,2
"393","hb_t4",21,12,204,276,2,1,0,96,2
"394","hb_t4",22,33,50,165,5,4,0,110,9
"395","hb_t4",23,0,36,272,0,0,0,0,2
"396","hb_t4",24,10,34,160,2,1,0,30,9
"397","hb_t4",25,14,105,406,1,2,0,98,2
"398","hb_t4",26,0,26,152,0,0,0,0,9
"399","hb_t4",27,8,90,112,4,4,0,32,9
"400","hb_t4",28,5,20,80,2,1,0,10,9
"401","hb_t4",29,0,48,180,0,0,0,0,9
"402","hb_t4",30,16,34,120,1,4,0,88,9
"403","hb_t4",31,8,35,104,1,2,0,40,9
"404","hb_t5",1,0,79,94,0,0,0,0,9
"405","hb_t5",2,0,10,156,0,0,0,0,9
"406","hb_t5",3,2,4,140,1,4,0,14,9
"407","hb_t5",4,0,9,86,0,0,0,0,9
"408","hb_t5",5,0,4,42,0,0,0,0,9
"409","hb_t5",6,0,8,74,0,0,0,0,9
"410","hb_t5",7,0,5,114,0,0,0,0,9
"411","hb_t5",8,0,0,50,0,0,0,0,9
"412","hb_t5",9,0,0,68,0,0,0,0,9
"413","hb_t5",10,0,4,122,0,0,0,0,9
"414","hb_t5",11,0,18,174,0,0,0,0,9
"415","hb_t5",12,0,8,58,0,0,0,0,9
"416","hb_t5",13,0,13,340,0,0,0,0,2
"417","hb_t5",14,0,2,116,0,0,0,0,9
"418","hb_t5",15,0,13,459,0,0,0,0,2
"419","hb_t5",16,0,6,176,0,0,0,0,9
"420","hb_t5",17,0,23,228,0,0,0,0,2
"421","hb_t5",18,0,52,595,0,0,0,0,2
"422","hb_t5",19,0,32,385,0,0,0,0,2
"423","hb_t5",20,0,3,73,0,0,0,0,9
"424","hb_t5",21,0,24,380,0,0,0,0,2
"425","hb_t5",22,0,4,71,0,0,0,0,9
"426","hb_t5",23,0,0,106,0,0,0,0,9
"427","hb_t5",24,3,9,243,2,4,0,12,2
"428","hb_t5",25,0,6,108,0,0,0,0,9
"429","hb_t5",26,0,0,72,0,0,0,0,9
"430","hb_t5",27,0,5,90,0,0,0,0,9
"431","hb_t5",28,1,31,45,2,3,0,4,9
"432","hb_t5",29,0,0,65,0,0,0,0,9
"433","hb_t5",30,0,37,140,0,0,0,0,9
"434","hb_t5",31,0,3,25,0,0,0,0,9
"435","hb_t6",1,0,21,30,0,0,0,0,9
"436","hb_t6",2,0,19,80,0,0,0,0,9
"437","hb_t6",3,22,118,253,1,4,0,121,2
"438","hb_t6",4,0,36,126,0,0,0,0,9
"439","hb_t6",5,0,32,161,0,0,0,0,9
"440","hb_t6",6,0,29,119,0,0,0,0,9
"441","hb_t6",7,0,36,168,0,0,0,0,9
"442","hb_t6",8,0,29,68,0,0,0,0,9
"443","hb_t6",9,0,95,144,0,0,0,0,9
"444","hb_t6",10,0,46,180,0,0,0,0,9
"445","hb_t6",11,0,104,84,0,0,0,0,9
"446","hb_t6",12,0,39,77,0,0,0,0,9
"447","hb_t6",13,0,48,117,0,0,0,0,9
"448","hb_t6",14,0,57,153,0,0,0,0,9
"449","hb_t6",15,0,39,126,0,0,0,0,9
"450","hb_t6",16,30,120,130,5,4,0,110,9
"451","hb_t6",17,0,89,117,0,0,0,0,9
"452","hb_t6",18,8,26,32,5,4,0,24,9
"453","hb_t6",19,0,142,88,0,0,0,0,9
"454","hb_t6",20,30,43,50,2,5,0,60,9
"455","hb_t6",21,21,98,14,4,4,7,105,9
"456","hb_t6",22,8,98,160,4,4,0,48,9
"457","hb_t6",23,0,230,90,0,0,0,0,9
"458","hb_t6",24,10,24,70,3,4,0,25,9
"459","hb_t6",25,21,47,105,2,5,0,112,9
"460","hb_t6",26,6,323,120,1,4,0,24,9
"461","hb_t6",27,5,32,75,0,3,0,5,9
"462","hb_t6",28,5,53,65,1,4,0,45,9
"463","hb_t6",29,5,13,90,1,3,0,25,9
"464","hb_t6",30,0,100,120,0,0,0,0,9
"465","hb_t6",31,12,45,18,4,4,0,30,9
"466","hb_t7",1,0,38,168,0,0,0,0,9
"467","hb_t7",2,0,74,105,0,0,0,0,9
"468","hb_t7",3,6,33,510,0,4,0,30,2
"469","hb_t7",4,0,26,120,0,0,0,0,9
"470","hb_t7",5,0,15,336,0,0,0,0,2
"471","hb_t7",6,0,11,212,0,0,0,0,2
"472","hb_t7",7,0,11,132,0,0,0,0,9
"473","hb_t7",8,0,22,448,0,0,0,0,2
"474","hb_t7",9,0,32,510,0,0,0,0,2
"475","hb_t7",10,0,9,256,0,0,0,0,2
"476","hb_t7",11,0,20,236,0,0,0,0,2
"477","hb_t7",12,0,33,160,0,0,0,0,9
"478","hb_t7",13,0,13,147,0,0,0,0,9
"479","hb_t7",14,0,63,364,0,0,0,0,2
"480","hb_t7",15,0,27,288,0,0,0,0,2
"481","hb_t7",16,6,27,342,0,4,0,6,2
"482","hb_t7",17,4,13,296,2,4,0,16,2
"483","hb_t7",18,0,34,205,0,0,0,0,2
"484","hb_t7",19,0,37,584,0,0,0,0,2
"485","hb_t7",20,0,35,355,0,0,0,0,2
"486","hb_t7",21,0,23,136,0,0,0,0,9
"487","hb_t7",22,0,17,252,0,0,0,0,2
"488","hb_t7",23,0,37,264,0,0,0,0,2
"489","hb_t7",24,0,47,145,0,0,0,0,9
"490","hb_t7",25,0,47,432,0,0,0,0,2
"491","hb_t7",26,0,285,423,0,0,0,0,2
"492","hb_t7",27,0,39,288,0,0,0,0,2
"493","hb_t7",28,4,31,200,1,4,0,24,9
"494","hb_t7",29,0,13,198,0,0,0,0,9
"495","hb_t7",30,0,308,315,0,0,0,0,2
"496","hb_t7",31,4,30,88,1,4,0,20,9
"497","hb_t8",1,15,755,840,3,4,0,60,1
"498","hb_t8",2,0,122,948,0,0,0,0,1
"499","hb_t8",3,0,398,1183,0,0,0,0,1
"500","hb_t8",4,0,171,1064,0,0,0,0,1
"501","hb_t8",5,0,1019,1456,0,0,0,0,8
"502","hb_t8",6,0,283,1106,0,0,0,0,1
"503","hb_t8",7,0,274,1053,0,0,0,0,1
"504","hb_t8",8,0,485,1036,0,0,0,0,1
"505","hb_t8",9,0,220,1455,0,0,0,0,8
"506","hb_t8",10,0,301,850,0,0,0,0,1
"507","hb_t8",11,0,435,1320,0,0,0,0,8
"508","hb_t8",12,0,222,1224,0,0,0,0,1
"509","hb_t8",13,0,228,1176,0,0,0,0,1
"510","hb_t8",14,0,255,759,0,0,0,0,1
"511","hb_t8",15,0,280,1032,0,0,0,0,1
"512","hb_t8",16,0,109,1212,0,0,0,0,1
"513","hb_t8",17,30,160,1305,5,4,0,120,8
"514","hb_t8",18,0,185,1110,0,0,0,0,1
"515","hb_t8",19,0,2426,1207,0,0,0,0,3
"516","hb_t8",20,13,181,1027,2,4,0,26,1
"517","hb_t8",21,0,262,840,0,0,0,0,1
"518","hb_t8",22,32,158,1168,2,2,0,176,1
"519","hb_t8",23,13,176,910,3,4,0,0,1
"520","hb_t8",24,0,296,1180,0,0,0,0,1
"521","hb_t8",25,45,205,915,3,4,0,270,1
"522","hb_t8",26,0,1776,1392,0,0,0,0,3
"523","hb_t8",27,0,193,780,0,0,0,0,1
"524","hb_t8",28,17,290,1122,1,4,0,85,1
"525","hb_t8",29,45,325,825,4,4,0,240,1
"526","hb_t8",30,14,284,658,5,1,0,56,1
"527","hb_t8",31,7,176,154,1,1,0,28,9
"528","hb_t9",1,0,10,183,0,0,0,0,9
"529","hb_t9",2,0,13,318,0,0,0,0,2
"530","hb_t9",3,0,12,150,0,0,0,0,9
"531","hb_t9",4,0,13,252,0,0,0,0,2
"532","hb_t9",5,0,0,79,0,0,0,0,9
"533","hb_t9",6,0,2,89,0,0,0,0,9
"534","hb_t9",7,0,2,62,0,0,0,0,9
"535","hb_t9",8,0,3,82,0,0,0,0,9
"536","hb_t9",9,0,63,416,0,0,0,0,2
"537","hb_t9",10,0,37,195,0,0,0,0,9
"538","hb_t9",11,0,10,264,0,0,0,0,2
"539","hb_t9",12,0,9,136,0,0,0,0,9
"540","hb_t9",13,0,36,402,0,0,0,0,2
"541","hb_t9",14,0,42,258,0,0,0,0,2
"542","hb_t9",15,0,6,103,0,0,0,0,9
"543","hb_t9",16,0,12,146,0,0,0,0,9
"544","hb_t9",17,0,19,385,0,0,0,0,2
"545","hb_t9",18,0,68,528,0,0,0,0,2
"546","hb_t9",19,0,43,252,0,0,0,0,2
"547","hb_t9",20,0,46,370,0,0,0,0,2
"548","hb_t9",21,0,2,77,0,0,0,0,9
"549","hb_t9",22,1,3,76,0,4,0,5,9
"550","hb_t9",23,0,13,237,0,0,0,0,2
"551","hb_t9",24,0,85,320,0,0,0,0,2
"552","hb_t9",25,0,0,84,0,0,0,0,9
"553","hb_t9",26,1,102,93,0,4,0,3,9
"554","hb_t9",27,0,465,150,0,0,0,0,2
"555","hb_t9",28,0,20,156,0,0,0,0,9
"556","hb_t9",29,0,0,62,0,0,0,0,9
"557","hb_t9",30,0,9,126,0,0,0,0,9
"558","hb_t9",31,0,6,58,0,0,0,0,9
"559","hs_t1",1,7,67,77,0,4,0,14,9
"560","hs_t1",2,0,78,175,0,0,0,0,9
"561","hs_t1",3,0,1174,344,0,0,0,0,3
"562","hs_t1",4,0,52,100,0,0,0,0,9
"563","hs_t1",5,0,180,285,0,0,0,0,2
"564","hs_t1",6,0,421,408,0,0,0,0,2
"565","hs_t1",7,0,470,630,0,0,0,0,1
"566","hs_t1",8,0,120,315,0,0,0,0,2
"567","hs_t1",9,0,156,414,0,0,0,0,2
"568","hs_t1",10,0,206,72,0,0,0,0,9
"569","hs_t1",11,0,264,784,0,0,0,0,1
"570","hs_t1",12,0,183,162,0,0,0,0,9
"571","hs_t1",13,0,411,216,0,0,0,0,2
"572","hs_t1",14,0,176,286,0,0,0,0,2
"573","hs_t1",15,0,186,261,0,0,0,0,2
"574","hs_t1",16,0,129,559,0,0,0,0,2
"575","hs_t1",17,0,234,270,0,0,0,0,2
"576","hs_t1",18,0,594,234,0,0,0,0,2
"577","hs_t1",19,0,195,200,0,0,0,0,2
"578","hs_t1",20,0,18,54,0,0,0,0,9
"579","hs_t1",21,0,87,72,0,0,0,0,9
"580","hs_t1",22,0,147,69,0,0,0,0,9
"581","hs_t1",23,0,171,168,0,0,0,0,9
"582","hs_t1",24,0,92,225,0,0,0,0,2
"583","hs_t1",25,0,224,290,0,0,0,0,2
"584","hs_t1",26,11,128,396,1,2,0,44,2
"585","hs_t1",27,8,140,144,1,4,0,24,9
"586","hs_t1",28,0,184,198,0,0,0,0,2
"587","hs_t1",29,0,214,130,0,0,0,0,9
"588","hs_t1",30,10,262,230,0,4,0,30,2
"589","hs_t1",31,6,72,60,1,4,0,30,9
"590","hs_t2",1,0,108,119,0,0,0,0,9
"591","hs_t2",2,0,193,279,0,0,0,0,2
"592","hs_t2",3,5,69,120,1,4,0,40,9
"593","hs_t2",4,0,64,128,0,0,0,0,9
"594","hs_t2",5,0,138,150,0,0,0,0,9
"595","hs_t2",6,0,78,156,0,0,0,0,9
"596","hs_t2",7,0,189,308,0,0,0,0,2
"597","hs_t2",8,0,106,112,0,0,0,0,9
"598","hs_t2",9,0,181,192,0,0,0,0,2
"599","hs_t2",10,0,551,120,0,0,0,0,2
"600","hs_t2",11,0,73,204,0,0,0,0,2
"601","hs_t2",12,0,61,112,0,0,0,0,9
"602","hs_t2",13,0,7,18,0,0,0,0,9
"603","hs_t2",14,0,133,90,0,0,0,0,9
"604","hs_t2",15,0,117,180,0,0,0,0,9
"605","hs_t2",16,0,132,210,0,0,0,0,2
"606","hs_t2",17,0,54,88,0,0,0,0,9
"607","hs_t2",18,0,59,56,0,0,0,0,9
"608","hs_t2",19,0,68,100,0,0,0,0,9
"609","hs_t2",20,0,130,52,0,0,0,0,9
"610","hs_t2",21,0,121,198,0,0,0,0,2
"611","hs_t2",22,0,176,216,0,0,0,0,2
"612","hs_t2",23,0,44,84,0,0,0,0,9
"613","hs_t2",24,0,36,52,0,0,0,0,9
"614","hs_t2",25,0,32,54,0,0,0,0,9
"615","hs_t2",26,0,162,250,0,0,0,0,2
"616","hs_t2",27,0,287,273,0,0,0,0,2
"617","hs_t2",28,0,209,119,0,0,0,0,9
"618","hs_t2",29,0,52,52,0,0,0,0,9
"619","hs_t2",30,2,5,28,2,4,0,11,9
"620","hs_t2",31,8,75,76,2,4,0,112,9
"621","hs_t3",1,1,9,62,0,4,0,8,9
"622","hs_t3",2,0,22,106,0,0,0,0,9
"623","hs_t3",3,0,38,49,0,0,0,0,9
"624","hs_t3",4,0,0,60,0,0,0,0,9
"625","hs_t3",5,0,34,112,0,0,0,0,9
"626","hs_t3",6,0,29,114,0,0,0,0,9
"627","hs_t3",7,0,8,130,0,0,0,0,9
"628","hs_t3",8,0,0,60,0,0,0,0,9
"629","hs_t3",9,0,14,114,0,0,0,0,9
"630","hs_t3",10,0,3,55,0,0,0,0,9
"631","hs_t3",11,0,12,158,0,0,0,0,9
"632","hs_t3",12,0,93,204,0,0,0,0,2
"633","hs_t3",13,0,32,174,0,0,0,0,9
"634","hs_t3",14,0,4,61,0,0,0,0,9
"635","hs_t3",15,0,7,63,0,0,0,0,9
"636","hs_t3",16,0,5,70,0,0,0,0,9
"637","hs_t3",17,0,25,180,0,0,0,0,9
"638","hs_t3",18,0,17,56,0,0,0,0,9
"639","hs_t3",19,0,5,70,0,0,0,0,9
"640","hs_t3",20,0,25,183,0,0,0,0,9
"641","hs_t3",21,0,31,114,0,0,0,0,9
"642","hs_t3",22,0,0,61,0,0,0,0,9
"643","hs_t3",23,2,14,100,2,4,0,2,9
"644","hs_t3",24,0,0,55,0,0,0,0,9
"645","hs_t3",25,0,0,60,0,0,0,0,9
"646","hs_t3",26,0,0,64,0,0,0,0,9
"647","hs_t3",27,0,0,66,0,0,0,0,9
"648","hs_t3",28,0,48,47,0,0,0,0,9
"649","hs_t3",29,0,0,60,0,0,0,0,9
"650","hs_t3",30,0,35,128,0,0,0,0,9
"651","hs_t3",31,1,9,33,1,1,0,3,9
"652","hs_t4",1,2,12,16,0,4,0,12,9
"653","hs_t4",2,0,12,26,0,0,0,0,9
"654","hs_t4",3,0,35,75,0,0,0,0,9
"655","hs_t4",4,0,85,14,0,0,0,0,9
"656","hs_t4",5,0,15,42,0,0,0,0,9
"657","hs_t4",6,0,17,19,0,0,0,0,9
"658","hs_t4",7,0,27,87,0,0,0,0,9
"659","hs_t4",8,0,3,12,0,0,0,0,9
"660","hs_t4",9,0,0,9,0,0,0,0,9
"661","hs_t4",10,0,5,17,0,0,0,0,9
"662","hs_t4",11,0,7,15,0,0,0,0,9
"663","hs_t4",12,0,5,17,0,0,0,0,9
"664","hs_t4",13,0,52,36,0,0,0,0,9
"665","hs_t4",14,0,38,52,0,0,0,0,9
"666","hs_t4",15,0,28,22,0,0,0,0,9
"667","hs_t4",16,2,12,38,2,4,0,8,9
"668","hs_t4",17,0,0,8,0,0,0,0,9
"669","hs_t4",18,2,0,10,0,4,0,5,9
"670","hs_t4",19,0,4,14,0,0,0,0,9
"671","hs_t4",20,0,17,26,0,0,0,0,9
"672","hs_t4",21,1,27,19,0,4,0,3,9
"673","hs_t4",22,0,0,21,0,0,0,0,9
"674","hs_t4",23,1,0,14,0,4,0,3,9
"675","hs_t4",24,0,0,4,0,0,0,0,9
"676","hs_t4",25,0,13,56,0,0,0,0,9
"677","hs_t4",26,0,0,7,0,0,0,0,9
"678","hs_t4",27,2,9,18,0,4,0,7,9
"679","hs_t4",28,1,0,28,2,1,0,4,9
"680","hs_t4",29,2,14,30,0,4,0,8,9
"681","hs_t4",30,4,41,60,0,4,0,12,9
"682","hs_t4",31,1,0,13,1,4,0,5,9
"683","hs_t5",1,0,4116,60,0,0,0,0,7
"684","hs_t5",2,0,253,45,0,0,0,0,9
"685","hs_t5",3,0,104,126,0,0,0,0,9
"686","hs_t5",4,0,99,50,0,0,0,0,9
"687","hs_t5",5,0,119,56,0,0,0,0,9
"688","hs_t5",6,0,117,63,0,0,0,0,9
"689","hs_t5",7,0,46,80,0,0,0,0,9
"690","hs_t5",8,0,133,150,0,0,0,0,9
"691","hs_t5",9,0,115,91,0,0,0,0,9
"692","hs_t5",10,0,211,63,0,0,0,0,9
"693","hs_t5",11,0,298,90,0,0,0,0,9
"694","hs_t5",12,0,98,30,0,0,0,0,9
"695","hs_t5",13,0,386,90,0,0,0,0,9
"696","hs_t5",14,0,156,36,0,0,0,0,9
"697","hs_t5",15,0,89,40,0,0,0,0,9
"698","hs_t5",16,0,466,162,0,0,0,0,2
"699","hs_t5",17,0,78,78,0,0,0,0,9
"700","hs_t5",18,0,113,128,0,0,0,0,9
"701","hs_t5",19,0,59,30,0,0,0,0,9
"702","hs_t5",20,0,40,56,0,0,0,0,9
"703","hs_t5",21,0,168,42,0,0,0,0,9
"704","hs_t5",22,0,46,36,0,0,0,0,9
"705","hs_t5",23,3,24,24,1,4,0,6,9
"706","hs_t5",24,0,98,48,0,0,0,0,9
"707","hs_t5",25,5,65,90,1,4,0,20,9
"708","hs_t5",26,4,38,8,1,4,0,8,9
"709","hs_t5",27,3,22,21,1,4,0,6,9
"710","hs_t5",28,7,86,77,1,4,0,14,9
"711","hs_t5",29,0,30,33,0,0,0,0,9
"712","hs_t5",30,0,81,52,0,0,0,0,9
"713","hs_t5",31,9,33,15,3,4,0,45,9
"714","hs_t6",1,5,77,125,1,2,0,150,9
"715","hs_t6",2,0,24,40,0,0,0,0,9
"716","hs_t6",3,28,44,52,2,4,0,28,9
"717","hs_t6",4,0,86,102,0,0,0,0,9
"718","hs_t6",5,0,65,65,0,0,0,0,9
"719","hs_t6",6,0,66,60,0,0,0,0,9
"720","hs_t6",7,0,57,133,0,0,0,0,9
"721","hs_t6",8,0,76,52,0,0,0,0,9
"722","hs_t6",9,0,168,243,0,0,0,0,2
"723","hs_t6",10,0,57,52,0,0,0,0,9
"724","hs_t6",11,0,553,110,0,0,0,0,2
"725","hs_t6",12,0,38,36,0,0,0,0,9
"726","hs_t6",13,0,59,72,0,0,0,0,9
"727","hs_t6",14,4,28,26,1,5,0,12,9
"728","hs_t6",15,7,121,112,1,4,0,14,9
"729","hs_t6",16,28,76,84,2,4,0,91,9
"730","hs_t6",17,7,135,28,2,3,0,14,9
"731","hs_t6",18,2,50,36,1,4,0,4,9
"732","hs_t6",19,0,63,20,0,0,0,0,9
"733","hs_t6",20,0,13,14,0,0,0,0,9
"734","hs_t6",21,16,73,36,2,4,0,28,9
"735","hs_t6",22,0,62,8,0,0,0,0,9
"736","hs_t6",23,16,138,120,1,4,0,16,9
"737","hs_t6",24,6,238,39,3,4,0,9,9
"738","hs_t6",25,0,25,32,0,0,0,0,9
"739","hs_t6",26,3,132,24,3,1,0,3,9
"740","hs_t6",27,3,10,12,1,5,0,9,9
"741","hs_t6",28,10,60,115,2,4,5,40,9
"742","hs_t6",29,2,22,8,1,1,0,8,9
"743","hs_t6",30,10,24,58,1,5,0,34,9
"744","hs_t6",31,6,12,28,1,4,0,14,9
"745","hs_t7",1,0,24,32,0,0,0,0,9
"746","hs_t7",2,0,0,27,0,0,0,0,9
"747","hs_t7",3,0,7,23,0,0,0,0,9
"748","hs_t7",4,0,0,25,0,0,0,0,9
"749","hs_t7",5,0,119,112,0,0,0,0,9
"750","hs_t7",6,0,102,88,0,0,0,0,9
"751","hs_t7",7,0,38,36,0,0,0,0,9
"752","hs_t7",8,0,162,185,0,0,0,0,2
"753","hs_t7",9,0,12,18,0,0,0,0,9
"754","hs_t7",10,0,49,32,0,0,0,0,9
"755","hs_t7",11,0,24,90,0,0,0,0,9
"756","hs_t7",12,0,90,78,0,0,0,0,9
"757","hs_t7",13,0,31,105,0,0,0,0,9
"758","hs_t7",14,0,77,100,0,0,0,0,9
"759","hs_t7",15,0,120,144,0,0,0,0,9
"760","hs_t7",16,0,93,125,0,0,0,0,9
"761","hs_t7",17,0,37,128,0,0,0,0,9
"762","hs_t7",18,0,71,105,0,0,0,0,9
"763","hs_t7",19,0,76,44,0,0,0,0,9
"764","hs_t7",20,0,27,44,0,0,0,0,9
"765","hs_t7",21,0,83,126,0,0,0,0,9
"766","hs_t7",22,0,52,120,0,0,0,0,9
"767","hs_t7",23,0,15,63,0,0,0,0,9
"768","hs_t7",24,0,39,63,0,0,0,0,9
"769","hs_t7",25,0,22,69,0,0,0,0,9
"770","hs_t7",26,0,55,50,0,0,0,0,9
"771","hs_t7",27,0,118,24,0,0,0,0,9
"772","hs_t7",28,2,12,32,1,3,0,10,9
"773","hs_t7",29,0,7,14,0,0,0,0,9
"774","hs_t7",30,0,35,63,0,0,0,0,9
"775","hs_t7",31,0,7,15,0,0,0,0,9
"776","hs_t8",1,0,35,42,0,0,0,0,9
"777","hs_t8",2,0,248,96,0,0,0,0,9
"778","hs_t8",3,0,33,66,0,0,0,0,9
"779","hs_t8",4,0,12,34,0,0,0,0,9
"780","hs_t8",5,0,5,14,0,0,0,0,9
"781","hs_t8",6,0,84,33,0,0,0,0,9
"782","hs_t8",7,0,104,80,0,0,0,0,9
"783","hs_t8",8,0,16,52,0,0,0,0,9
"784","hs_t8",9,0,9,44,0,0,0,0,9
"785","hs_t8",10,0,68,78,0,0,0,0,9
"786","hs_t8",11,0,29,48,0,0,0,0,9
"787","hs_t8",12,0,593,72,0,0,0,0,9
"788","hs_t8",13,0,26,32,0,0,0,0,9
"789","hs_t8",14,0,34,56,0,0,0,0,9
"790","hs_t8",15,0,11,15,0,0,0,0,9
"791","hs_t8",16,0,35,54,0,0,0,0,9
"792","hs_t8",17,0,17,81,0,0,0,0,9
"793","hs_t8",18,0,44,42,0,0,0,0,9
"794","hs_t8",19,0,87,78,0,0,0,0,9
"795","hs_t8",20,0,85,26,0,0,0,0,9
"796","hs_t8",21,0,8,36,0,0,0,0,9
"797","hs_t8",22,0,7,19,0,0,0,0,9
"798","hs_t8",23,0,57,24,0,0,0,0,9
"799","hs_t8",24,0,14,38,0,0,0,0,9
"800","hs_t8",25,0,19,48,0,0,0,0,9
"801","hs_t8",26,0,88,26,0,0,0,0,9
"802","hs_t8",27,0,70,24,0,0,0,0,9
"803","hs_t8",28,4,57,30,2,4,0,22,9
"804","hs_t8",29,0,119,57,0,0,0,0,9
"805","hs_t8",30,0,89,40,0,0,0,0,9
"806","hs_t8",31,0,0,14,0,0,0,0,9
"807","hs_t9",1,12,51,102,2,4,0,36,9
"808","hs_t9",2,0,36,115,0,0,0,0,9
"809","hs_t9",3,0,82,160,0,0,0,0,9
"810","hs_t9",4,0,17,72,0,0,0,0,9
"811","hs_t9",5,0,34,32,0,0,0,0,9
"812","hs_t9",6,0,62,64,0,0,0,0,9
"813","hs_t9",7,0,61,104,0,0,0,0,9
"814","hs_t9",8,0,179,132,0,0,0,0,9
"815","hs_t9",9,0,129,135,0,0,0,0,9
"816","hs_t9",10,0,59,133,0,0,0,0,9
"817","hs_t9",11,0,21,54,0,0,0,0,9
"818","hs_t9",12,0,44,40,0,0,0,0,9
"819","hs_t9",13,0,68,28,0,0,0,0,9
"820","hs_t9",14,0,63,72,0,0,0,0,9
"821","hs_t9",15,2,24,38,0,4,0,2,9
"822","hs_t9",16,0,32,70,0,0,0,0,9
"823","hs_t9",17,0,109,119,0,0,0,0,9
"824","hs_t9",18,0,111,110,0,0,0,0,9
"825","hs_t9",19,0,59,90,0,0,0,0,9
"826","hs_t9",20,0,106,168,0,0,0,0,9
"827","hs_t9",21,0,133,161,0,0,0,0,9
"828","hs_t9",22,0,134,105,0,0,0,0,9
"829","hs_t9",23,2,12,32,0,1,0,4,9
"830","hs_t9",24,0,17,39,0,0,0,0,9
"831","hs_t9",25,0,66,116,0,0,0,0,9
"832","hs_t9",26,0,28,75,0,0,0,0,9
"833","hs_t9",27,0,136,112,0,0,0,0,9
"834","hs_t9",28,16,60,40,1,4,0,88,9
"835","hs_t9",29,2,425,13,2,4,0,8,9
"836","hs_t9",30,8,52,92,1,4,0,36,9
"837","hs_t9",31,0,64,56,0,0,0,0,9
"838","hv_t1",1,6,6,418,1,4,0,10,2
"839","hv_t1",2,0,0,262,0,0,0,0,2
"840","hv_t1",3,2,8,726,0,4,0,2,1
"841","hv_t1",4,0,13,1359,0,0,0,0,8
"842","hv_t1",5,0,13,1164,0,0,0,0,1
"843","hv_t1",6,0,10,1254,0,0,0,0,1
"844","hv_t1",7,0,43,1956,0,0,0,0,8
"845","hv_t1",8,0,21,308,0,0,0,0,2
"846","hv_t1",9,0,18,2520,0,0,0,0,4
"847","hv_t1",10,0,24,1455,0,0,0,0,8
"848","hv_t1",11,0,3,247,0,0,0,0,2
"849","hv_t1",12,0,7,578,0,0,0,0,2
"850","hv_t1",13,0,5,307,0,0,0,0,2
"851","hv_t1",14,0,12,681,0,0,0,0,1
"852","hv_t1",15,0,0,312,0,0,0,0,2
"853","hv_t1",16,0,22,1782,0,0,0,0,8
"854","hv_t1",17,0,24,1656,0,0,0,0,8
"855","hv_t1",18,0,6,498,0,0,0,0,2
"856","hv_t1",19,0,76,1422,0,0,0,0,8
"857","hv_t1",20,0,12,714,0,0,0,0,1
"858","hv_t1",21,0,6,358,0,0,0,0,2
"859","hv_t1",22,0,7,418,0,0,0,0,2
"860","hv_t1",23,0,16,1136,0,0,0,0,1
"861","hv_t1",24,0,0,217,0,0,0,0,2
"862","hv_t1",25,0,17,1012,0,0,0,0,1
"863","hv_t1",26,0,11,812,0,0,0,0,1
"864","hv_t1",27,0,26,1596,0,0,0,0,8
"865","hv_t1",28,0,32,450,0,0,0,0,2
"866","hv_t1",29,0,4,207,0,0,0,0,2
"867","hv_t1",30,0,66,1827,0,0,0,0,8
"868","hv_t1",31,0,136,369,0,0,0,0,2
"869","hv_t2",1,6,13,804,2,4,0,6,1
"870","hv_t2",2,0,66,442,0,0,0,0,2
"871","hv_t2",3,2,0,326,1,4,0,5,2
"872","hv_t2",4,0,26,1593,0,0,0,0,8
"873","hv_t2",5,0,5,329,0,0,0,0,2
"874","hv_t2",6,0,30,1388,0,0,0,0,8
"875","hv_t2",7,0,10,984,0,0,0,0,1
"876","hv_t2",8,0,34,1615,0,0,0,0,8
"877","hv_t2",9,0,0,480,0,0,0,0,2
"878","hv_t2",10,0,21,1288,0,0,0,0,1
"879","hv_t2",11,0,3,324,0,0,0,0,2
"880","hv_t2",12,0,3,340,0,0,0,0,2
"881","hv_t2",13,0,36,1184,0,0,0,0,1
"882","hv_t2",14,0,2,241,0,0,0,0,2
"883","hv_t2",15,0,53,1345,0,0,0,0,8
"884","hv_t2",16,0,6,303,0,0,0,0,2
"885","hv_t2",17,0,23,642,0,0,0,0,1
"886","hv_t2",18,0,12,590,0,0,0,0,2
"887","hv_t2",19,0,184,1080,0,0,0,0,1
"888","hv_t2",20,0,10,1144,0,0,0,0,1
"889","hv_t2",21,0,24,434,0,0,0,0,2
"890","hv_t2",22,0,7,500,0,0,0,0,2
"891","hv_t2",23,5,45,1085,2,1,0,5,1
"892","hv_t2",24,0,19,892,0,0,0,0,1
"893","hv_t2",25,4,59,852,1,4,0,8,1
"894","hv_t2",26,0,35,1254,0,0,0,0,1
"895","hv_t2",27,0,10,783,0,0,0,0,1
"896","hv_t2",28,4,15,736,1,1,0,8,1
"897","hv_t2",29,4,12,157,1,4,0,8,9
"898","hv_t2",30,1,0,209,1,4,0,4,2
"899","hv_t2",31,12,211,588,5,4,0,36,2
"900","hv_t3",1,0,17,630,0,0,0,0,2
"901","hv_t3",2,0,236,1210,0,0,0,0,1
"902","hv_t3",3,0,70,1136,0,0,0,0,1
"903","hv_t3",4,0,228,1742,0,0,0,0,8
"904","hv_t3",5,0,136,880,0,0,0,0,1
"905","hv_t3",6,0,60,1176,0,0,0,0,1
"906","hv_t3",7,0,177,792,0,0,0,0,1
"907","hv_t3",8,0,30,846,0,0,0,0,1
"908","hv_t3",9,0,87,550,0,0,0,0,2
"909","hv_t3",10,0,164,690,0,0,0,0,1
"910","hv_t3",11,0,84,570,0,0,0,0,2
"911","hv_t3",12,0,96,729,0,0,0,0,1
"912","hv_t3",13,0,177,1269,0,0,0,0,1
"913","hv_t3",14,0,21,702,0,0,0,0,1
"914","hv_t3",15,0,338,768,0,0,0,0,1
"915","hv_t3",16,0,108,1400,0,0,0,0,8
"916","hv_t3",17,0,94,795,0,0,0,0,1
"917","hv_t3",18,0,44,1120,0,0,0,0,1
"918","hv_t3",19,0,108,1179,0,0,0,0,1
"919","hv_t3",20,0,117,1032,0,0,0,0,1
"920","hv_t3",21,0,133,840,0,0,0,0,1
"921","hv_t3",22,0,73,1122,0,0,0,0,1
"922","hv_t3",23,9,34,981,0,4,0,9,1
"923","hv_t3",24,0,108,940,0,0,0,0,1
"924","hv_t3",25,0,236,744,0,0,0,0,1
"925","hv_t3",26,0,151,736,0,0,0,0,1
"926","hv_t3",27,0,102,1125,0,0,0,0,1
"927","hv_t3",28,0,65,688,0,0,0,0,1
"928","hv_t3",29,0,189,470,0,0,0,0,2
"929","hv_t3",30,0,147,840,0,0,0,0,1
"930","hv_t3",31,5,61,485,0,4,0,10,2
"931","hv_t4",1,0,1154,1140,0,0,0,0,3
"932","hv_t4",2,0,53,726,0,0,0,0,1
"933","hv_t4",3,0,1032,1694,0,0,0,0,8
"934","hv_t4",4,0,9571,2522,0,0,0,0,5
"935","hv_t4",5,0,28,775,0,0,0,0,1
"936","hv_t4",6,0,29,1110,0,0,0,0,1
"937","hv_t4",7,0,452,2010,0,0,0,0,8
"938","hv_t4",8,0,32,876,0,0,0,0,1
"939","hv_t4",9,0,481,1764,0,0,0,0,8
"940","hv_t4",10,0,98,1040,0,0,0,0,1
"941","hv_t4",11,0,57,1340,0,0,0,0,8
"942","hv_t4",12,0,52,765,0,0,0,0,1
"943","hv_t4",13,0,45,815,0,0,0,0,1
"944","hv_t4",14,0,101,1375,0,0,0,0,8
"945","hv_t4",15,0,66,872,0,0,0,0,1
"946","hv_t4",16,0,142,1551,0,0,0,0,8
"947","hv_t4",17,0,193,1339,0,0,0,0,8
"948","hv_t4",18,0,46,1120,0,0,0,0,1
"949","hv_t4",19,0,49,889,0,0,0,0,1
"950","hv_t4",20,0,114,1390,0,0,0,0,8
"951","hv_t4",21,0,95,1560,0,0,0,0,8
"952","hv_t4",22,0,42,654,0,0,0,0,1
"953","hv_t4",23,0,3,148,0,0,0,0,9
"954","hv_t4",24,0,81,1463,0,0,0,0,8
"955","hv_t4",25,0,38,1060,0,0,0,0,1
"956","hv_t4",26,0,197,1062,0,0,0,0,1
"957","hv_t4",27,0,70,642,0,0,0,0,1
"958","hv_t4",28,0,81,1100,0,0,0,0,1
"959","hv_t4",29,0,78,595,0,0,0,0,2
"960","hv_t4",30,0,71,648,0,0,0,0,1
"961","hv_t4",31,2,9,138,0,4,0,2,9
"962","hv_t5",1,0,7638,248,0,0,0,0,7
"963","hv_t5",2,0,64,128,0,0,0,0,9
"964","hv_t5",3,0,32,427,0,0,0,0,2
"965","hv_t5",4,0,86,560,0,0,0,0,2
"966","hv_t5",5,0,21,200,0,0,0,0,9
"967","hv_t5",6,0,20,360,0,0,0,0,2
"968","hv_t5",7,0,433,146,0,0,0,0,2
"969","hv_t5",8,0,13,171,0,0,0,0,9
"970","hv_t5",9,0,70,188,0,0,0,0,9
"971","hv_t5",10,0,32,56,0,0,0,0,9
"972","hv_t5",11,0,9,111,0,0,0,0,9
"973","hv_t5",12,0,0,48,0,0,0,0,9
"974","hv_t5",13,0,90,112,0,0,0,0,9
"975","hv_t5",14,0,15,140,0,0,0,0,9
"976","hv_t5",15,0,28,244,0,0,0,0,2
"977","hv_t5",16,0,26,432,0,0,0,0,2
"978","hv_t5",17,0,24,240,0,0,0,0,2
"979","hv_t5",18,0,83,329,0,0,0,0,2
"980","hv_t5",19,0,20,235,0,0,0,0,2
"981","hv_t5",20,0,28,255,0,0,0,0,2
"982","hv_t5",21,0,80,192,0,0,0,0,2
"983","hv_t5",22,0,5,32,0,0,0,0,9
"984","hv_t5",23,0,9,72,0,0,0,0,9
"985","hv_t5",24,0,23,62,0,0,0,0,9
"986","hv_t5",25,0,53,99,0,0,0,0,9
"987","hv_t5",26,0,15,82,0,0,0,0,9
"988","hv_t5",27,0,55,162,0,0,0,0,9
"989","hv_t5",28,0,44,228,0,0,0,0,2
"990","hv_t5",29,0,10,80,0,0,0,0,9
"991","hv_t5",30,6,56,174,2,4,0,6,9
"992","hv_t5",31,0,7,50,0,0,0,0,9
"993","hv_t6",1,12,933,2208,1,1,0,12,8
"994","hv_t6",2,15,217,2700,1,4,0,30,4
"995","hv_t6",3,48,240,2448,0,4,0,108,4
"996","hv_t6",4,0,192,2695,0,0,0,0,4
"997","hv_t6",5,0,179,2595,0,0,0,0,4
"998","hv_t6",6,0,315,5627,0,0,0,0,4
"999","hv_t6",7,0,399,3328,0,0,0,0,4
"1000","hv_t6",8,0,640,2736,0,0,0,0,4
"1001","hv_t6",9,0,1228,4288,0,0,0,0,4
"1002","hv_t6",10,0,850,3515,0,0,0,0,4
"1003","hv_t6",11,0,102,2223,0,0,0,0,8
"1004","hv_t6",12,0,1460,2040,0,0,0,0,8
"1005","hv_t6",13,0,265,3604,0,0,0,0,4
"1006","hv_t6",14,0,176,1920,0,0,0,0,8
"1007","hv_t6",15,0,228,1870,0,0,0,0,8
"1008","hv_t6",16,0,231,4176,0,0,0,0,4
"1009","hv_t6",17,0,332,2850,0,0,0,0,4
"1010","hv_t6",18,0,349,2805,0,0,0,0,4
"1011","hv_t6",19,0,74,2130,0,0,0,0,8
"1012","hv_t6",20,0,352,4320,0,0,0,0,4
"1013","hv_t6",21,0,421,2584,0,0,0,0,4
"1014","hv_t6",22,8,455,1328,2,4,0,8,8
"1015","hv_t6",23,52,374,1950,0,4,0,52,8
"1016","hv_t6",24,42,315,2016,1,5,0,56,8
"1017","hv_t6",25,16,792,2640,1,4,0,16,4
"1018","hv_t6",26,15,424,2640,5,4,0,45,4
"1019","hv_t6",27,38,278,3534,5,4,0,38,4
"1020","hv_t6",28,51,497,3043,4,4,0,102,4
"1021","hv_t6",29,0,473,2310,0,0,0,0,8
"1022","hv_t6",30,39,111,2158,5,4,0,65,8
"1023","hv_t6",31,0,1388,1110,0,0,0,0,3
"1024","hv_t7",1,27,124,333,1,4,0,54,2
"1025","hv_t7",2,0,75,234,0,0,0,0,2
"1026","hv_t7",3,6,28386,258,2,4,0,12,6
"1027","hv_t7",4,0,2,76,0,0,0,0,9
"1028","hv_t7",5,0,1096,100,0,0,0,0,3
"1029","hv_t7",6,0,132,544,0,0,0,0,2
"1030","hv_t7",7,0,13,452,0,0,0,0,2
"1031","hv_t7",8,0,22,294,0,0,0,0,2
"1032","hv_t7",9,0,57,1016,0,0,0,0,1
"1033","hv_t7",10,0,153,156,0,0,0,0,9
"1034","hv_t7",11,0,19,180,0,0,0,0,9
"1035","hv_t7",12,0,16,120,0,0,0,0,9
"1036","hv_t7",13,0,285,420,0,0,0,0,2
"1037","hv_t7",14,0,19,144,0,0,0,0,9
"1038","hv_t7",15,0,12,201,0,0,0,0,9
"1039","hv_t7",16,0,57,306,0,0,0,0,2
"1040","hv_t7",17,0,23,141,0,0,0,0,9
"1041","hv_t7",18,0,60,76,0,0,0,0,9
"1042","hv_t7",19,0,172,64,0,0,0,0,9
"1043","hv_t7",20,0,49,230,0,0,0,0,2
"1044","hv_t7",21,0,44,124,0,0,0,0,9
"1045","hv_t7",22,0,5,78,0,0,0,0,9
"1046","hv_t7",23,2,4,90,1,4,0,2,9
"1047","hv_t7",24,9,54,129,2,4,0,12,9
"1048","hv_t7",25,0,71,287,0,0,0,0,2
"1049","hv_t7",26,0,133,159,0,0,0,0,9
"1050","hv_t7",27,0,0,50,0,0,0,0,9
"1051","hv_t7",28,9,21,99,1,4,0,18,9
"1052","hv_t7",29,15,40,170,1,4,0,35,9
"1053","hv_t7",30,5,23,105,1,5,0,10,9
"1054","hv_t7",31,9,95,33,1,4,0,24,9
"1055","hv_t8",1,0,26,395,0,0,0,0,2
"1056","hv_t8",2,0,6,148,0,0,0,0,9
"1057","hv_t8",3,0,44,891,0,0,0,0,1
"1058","hv_t8",4,0,28,665,0,0,0,0,1
"1059","hv_t8",5,0,984,742,0,0,0,0,3
"1060","hv_t8",6,0,522,1043,0,0,0,0,1
"1061","hv_t8",7,0,14,645,0,0,0,0,1
"1062","hv_t8",8,0,9,140,0,0,0,0,9
"1063","hv_t8",9,0,14,490,0,0,0,0,2
"1064","hv_t8",10,0,15,285,0,0,0,0,2
"1065","hv_t8",11,0,19,189,0,0,0,0,9
"1066","hv_t8",12,0,11,134,0,0,0,0,9
"1067","hv_t8",13,0,43,445,0,0,0,0,2
"1068","hv_t8",14,0,21,405,0,0,0,0,2
"1069","hv_t8",15,0,46,740,0,0,0,0,1
"1070","hv_t8",16,0,4,84,0,0,0,0,9
"1071","hv_t8",17,0,17,492,0,0,0,0,2
"1072","hv_t8",18,0,11,276,0,0,0,0,2
"1073","hv_t8",19,0,126,704,0,0,0,0,1
"1074","hv_t8",20,0,12,336,0,0,0,0,2
"1075","hv_t8",21,0,2,71,0,0,0,0,9
"1076","hv_t8",22,0,4,162,0,0,0,0,9
"1077","hv_t8",23,0,6,288,0,0,0,0,2
"1078","hv_t8",24,0,7,156,0,0,0,0,9
"1079","hv_t8",25,0,34,264,0,0,0,0,2
"1080","hv_t8",26,0,9,268,0,0,0,0,2
"1081","hv_t8",27,0,8,180,0,0,0,0,9
"1082","hv_t8",28,0,13,320,0,0,0,0,2
"1083","hv_t8",29,0,17,318,0,0,0,0,2
"1084","hv_t8",30,0,8,200,0,0,0,0,9
"1085","hv_t8",31,0,11,212,0,0,0,0,2
"1086","hv_t9",1,2,8,88,0,4,0,4,9
"1087","hv_t9",2,0,6,56,0,0,0,0,9
"1088","hv_t9",3,3,0,61,4,4,0,4,9
"1089","hv_t9",4,0,5,158,0,0,0,0,9
"1090","hv_t9",5,0,3,82,0,0,0,0,9
"1091","hv_t9",6,0,2,56,0,0,0,0,9
"1092","hv_t9",7,0,14,63,0,0,0,0,9
"1093","hv_t9",8,0,40,135,0,0,0,0,9
"1094","hv_t9",9,0,20,390,0,0,0,0,2
"1095","hv_t9",10,0,20,168,0,0,0,0,9
"1096","hv_t9",11,0,29,190,0,0,0,0,9
"1097","hv_t9",12,0,29,148,0,0,0,0,9
"1098","hv_t9",13,0,3,59,0,0,0,0,9
"1099","hv_t9",14,0,27,300,0,0,0,0,2
"1100","hv_t9",15,0,3,54,0,0,0,0,9
"1101","hv_t9",16,0,6,82,0,0,0,0,9
"1102","hv_t9",17,0,12,196,0,0,0,0,9
"1103","hv_t9",18,0,6,74,0,0,0,0,9
"1104","hv_t9",19,0,15,272,0,0,0,0,2
"1105","hv_t9",20,0,11,92,0,0,0,0,9
"1106","hv_t9",21,0,27,148,0,0,0,0,9
"1107","hv_t9",22,0,50,110,0,0,0,0,9
"1108","hv_t9",23,0,2,53,0,0,0,0,9
"1109","hv_t9",24,0,9,88,0,0,0,0,9
"1110","hv_t9",25,0,3,25,0,0,0,0,9
"1111","hv_t9",26,0,3,34,0,0,0,0,9
"1112","hv_t9",27,8,7,98,5,4,0,18,9
"1113","hv_t9",28,2,0,39,1,4,0,5,9
"1114","hv_t9",29,3,16,102,2,4,0,6,9
"1115","hv_t9",30,0,0,38,0,0,0,0,9
"1116","hv_t9",31,0,0,52,0,0,0,0,9
"1117","mr_t1",1,0,19,12,0,0,0,0,9
"1118","mr_t1",2,5,301,30,4,4,0,40,9
"1119","mr_t1",3,0,151,54,0,0,0,0,9
"1120","mr_t1",4,0,59,8,0,0,0,0,9
"1121","mr_t1",5,0,63,16,0,0,0,0,9
"1122","mr_t1",6,0,235,56,0,0,0,0,9
"1123","mr_t1",7,0,256,180,0,0,0,0,2
"1124","mr_t1",8,0,88,125,0,0,0,0,9
"1125","mr_t1",9,0,37,24,0,0,0,0,9
"1126","mr_t1",10,0,62,18,0,0,0,0,9
"1127","mr_t1",11,0,33,42,0,0,0,0,9
"1128","mr_t1",12,0,202,16,0,0,0,0,9
"1129","mr_t1",13,0,29,30,0,0,0,0,9
"1130","mr_t1",14,0,56,40,0,0,0,0,9
"1131","mr_t1",15,0,28,30,0,0,0,0,9
"1132","mr_t1",16,0,121,32,0,0,0,0,9
"1133","mr_t1",17,0,173,45,0,0,0,0,9
"1134","mr_t1",18,0,52,48,0,0,0,0,9
"1135","mr_t1",19,0,48,40,0,0,0,0,9
"1136","mr_t1",20,0,12,32,0,0,0,0,9
"1137","mr_t1",21,0,13,8,0,0,0,0,9
"1138","mr_t1",22,0,13,13,0,0,0,0,9
"1139","mr_t1",23,0,17,30,0,0,0,0,9
"1140","mr_t1",24,0,105,45,0,0,0,0,9
"1141","mr_t1",25,0,38,8,0,0,0,0,9
"1142","mr_t1",26,0,128,70,0,0,0,0,9
"1143","mr_t1",27,0,117,102,0,0,0,0,9
"1144","mr_t1",28,0,153,24,0,0,0,0,9
"1145","mr_t1",29,0,10,8,0,0,0,0,9
"1146","mr_t1",30,0,19,33,0,0,0,0,9
"1147","mr_t1",31,0,45,14,0,0,0,0,9
"1148","mr_t2",1,0,69,45,0,0,0,0,9
"1149","mr_t2",2,0,160,90,0,0,0,0,9
"1150","mr_t2",3,0,22,75,0,0,0,0,9
"1151","mr_t2",4,0,382,88,0,0,0,0,9
"1152","mr_t2",5,0,158,33,0,0,0,0,9
"1153","mr_t2",6,0,35,16,0,0,0,0,9
"1154","mr_t2",7,0,183,144,0,0,0,0,9
"1155","mr_t2",8,0,29,45,0,0,0,0,9
"1156","mr_t2",9,0,54,44,0,0,0,0,9
"1157","mr_t2",10,0,152,114,0,0,0,0,9
"1158","mr_t2",11,0,166,70,0,0,0,0,9
"1159","mr_t2",12,0,67,28,0,0,0,0,9
"1160","mr_t2",13,0,172,51,0,0,0,0,9
"1161","mr_t2",14,0,216,90,0,0,0,0,9
"1162","mr_t2",15,0,37,50,0,0,0,0,9
"1163","mr_t2",16,0,19,44,0,0,0,0,9
"1164","mr_t2",17,0,273,72,0,0,0,0,9
"1165","mr_t2",18,0,88,76,0,0,0,0,9
"1166","mr_t2",19,0,101,36,0,0,0,0,9
"1167","mr_t2",20,0,111,55,0,0,0,0,9
"1168","mr_t2",21,0,127,60,0,0,0,0,9
"1169","mr_t2",22,0,78,8,0,0,0,0,9
"1170","mr_t2",23,2,33,12,2,3,0,4,9
"1171","mr_t2",24,0,68,108,0,0,0,0,9
"1172","mr_t2",25,0,186,84,0,0,0,0,9
"1173","mr_t2",26,0,105,98,0,0,0,0,9
"1174","mr_t2",27,0,88,60,0,0,0,0,9
"1175","mr_t2",28,0,101,98,0,0,0,0,9
"1176","mr_t2",29,0,37,60,0,0,0,0,9
"1177","mr_t2",30,0,36,28,0,0,0,0,9
"1178","mr_t2",31,0,141,0,0,0,0,0,9
"1179","mr_t3",1,0,32,84,0,0,0,0,9
"1180","mr_t3",2,0,5,16,0,0,0,0,9
"1181","mr_t3",3,0,11,33,0,0,0,0,9
"1182","mr_t3",4,0,18,75,0,0,0,0,9
"1183","mr_t3",5,0,5,27,0,0,0,0,9
"1184","mr_t3",6,0,9,23,0,0,0,0,9
"1185","mr_t3",7,0,0,26,0,0,0,0,9
"1186","mr_t3",8,2,0,28,1,4,0,7,9
"1187","mr_t3",9,0,0,25,0,0,0,0,9
"1188","mr_t3",10,2,42,36,1,4,0,18,9
"1189","mr_t3",11,0,0,22,0,0,0,0,9
"1190","mr_t3",12,0,0,15,0,0,0,0,9
"1191","mr_t3",13,0,0,31,0,0,0,0,9
"1192","mr_t3",14,0,0,28,0,0,0,0,9
"1193","mr_t3",15,0,0,25,0,0,0,0,9
"1194","mr_t3",16,0,5,42,0,0,0,0,9
"1195","mr_t3",17,2,12,50,2,4,0,18,9
"1196","mr_t3",18,1,0,33,1,4,0,4,9
"1197","mr_t3",19,0,48,120,0,0,0,0,9
"1198","mr_t3",20,0,16,52,0,0,0,0,9
"1199","mr_t3",21,0,0,23,0,0,0,0,9
"1200","mr_t3",22,0,3,28,0,0,0,0,9
"1201","mr_t3",23,0,0,34,0,0,0,0,9
"1202","mr_t3",24,0,0,20,0,0,0,0,9
"1203","mr_t3",25,1,0,21,1,1,0,4,9
"1204","mr_t3",26,0,0,32,0,0,0,0,9
"1205","mr_t3",27,0,0,26,0,0,0,0,9
"1206","mr_t3",28,3,0,25,2,5,0,18,9
"1207","mr_t3",29,0,0,26,0,0,0,0,9
"1208","mr_t3",30,0,0,27,0,0,0,0,9
"1209","mr_t3",31,0,0,19,0,0,0,0,9
"1210","mr_t4",1,0,163,150,0,0,0,0,9
"1211","mr_t4",2,0,1377,102,0,0,0,0,3
"1212","mr_t4",3,0,105,110,0,0,0,0,9
"1213","mr_t4",4,0,4177,112,0,0,0,0,7
"1214","mr_t4",5,0,165,84,0,0,0,0,9
"1215","mr_t4",6,0,146,126,0,0,0,0,9
"1216","mr_t4",7,0,170,115,0,0,0,0,9
"1217","mr_t4",8,0,141,175,0,0,0,0,9
"1218","mr_t4",9,0,51,65,0,0,0,0,9
"1219","mr_t4",10,0,111,119,0,0,0,0,9
"1220","mr_t4",11,0,58,80,0,0,0,0,9
"1221","mr_t4",12,0,85,80,0,0,0,0,9
"1222","mr_t4",13,0,27,66,0,0,0,0,9
"1223","mr_t4",14,0,87,120,0,0,0,0,9
"1224","mr_t4",15,0,28,17,0,0,0,0,9
"1225","mr_t4",16,0,138,190,0,0,0,0,2
"1226","mr_t4",17,0,117,90,0,0,0,0,9
"1227","mr_t4",18,0,78,96,0,0,0,0,9
"1228","mr_t4",19,7,197,119,1,4,0,21,9
"1229","mr_t4",20,0,74,72,0,0,0,0,9
"1230","mr_t4",21,0,37,125,0,0,0,0,9
"1231","mr_t4",22,0,24,30,0,0,0,0,9
"1232","mr_t4",23,4,87,44,2,4,0,12,9
"1233","mr_t4",24,0,123,147,0,0,0,0,9
"1234","mr_t4",25,0,28,56,0,0,0,0,9
"1235","mr_t4",26,0,116,133,0,0,0,0,9
"1236","mr_t4",27,0,47,70,0,0,0,0,9
"1237","mr_t4",28,12,84,68,1,5,0,52,9
"1238","mr_t4",29,0,153,120,0,0,0,0,9
"1239","mr_t4",30,0,40,48,0,0,0,0,9
"1240","mr_t4",31,0,139,50,0,0,0,0,9
"1241","mr_t5",1,0,4303,24,0,0,0,0,7
"1242","mr_t5",2,0,12,28,0,0,0,0,9
"1243","mr_t5",3,0,20,56,0,0,0,0,9
"1244","mr_t5",4,0,16,30,0,0,0,0,9
"1245","mr_t5",5,0,14,28,0,0,0,0,9
"1246","mr_t5",6,0,3,8,0,0,0,0,9
"1247","mr_t5",7,0,0,22,0,0,0,0,9
"1248","mr_t5",8,0,5,14,0,0,0,0,9
"1249","mr_t5",9,0,24,20,0,0,0,0,9
"1250","mr_t5",10,0,5,22,0,0,0,0,9
"1251","mr_t5",11,0,23,28,0,0,0,0,9
"1252","mr_t5",12,0,26,16,0,0,0,0,9
"1253","mr_t5",13,0,23,7,0,0,0,0,9
"1254","mr_t5",14,0,7,14,0,0,0,0,9
"1255","mr_t5",15,0,102,20,0,0,0,0,9
"1256","mr_t5",16,0,0,20,0,0,0,0,9
"1257","mr_t5",17,0,20,8,0,0,0,0,9
"1258","mr_t5",18,0,7,20,0,0,0,0,9
"1259","mr_t5",19,0,9,26,0,0,0,0,9
"1260","mr_t5",20,0,47,22,0,0,0,0,9
"1261","mr_t5",21,0,17,42,0,0,0,0,9
"1262","mr_t5",22,1,5,24,2,4,0,6,9
"1263","mr_t5",23,0,0,15,0,0,0,0,9
"1264","mr_t5",24,0,6,7,0,0,0,0,9
"1265","mr_t5",25,0,5,10,0,0,0,0,9
"1266","mr_t5",26,0,18,30,0,0,0,0,9
"1267","mr_t5",27,0,0,8,0,0,0,0,9
"1268","mr_t5",28,6,118,30,2,5,0,34,9
"1269","mr_t5",29,0,11,14,0,0,0,0,9
"1270","mr_t5",30,0,92,12,0,0,0,0,9
"1271","mr_t5",31,1,5,4,1,4,0,3,9
"1272","mr_t6",1,1,0,20,1,3,0,2,9
"1273","mr_t6",2,1,0,16,1,4,0,3,9
"1274","mr_t6",3,3,7,8,1,4,0,9,9
"1275","mr_t6",4,2,0,9,1,4,0,5,9
"1276","mr_t6",5,3,7,10,1,4,0,12,9
"1277","mr_t6",6,1,0,9,2,3,0,2,9
"1278","mr_t6",7,0,0,15,0,0,0,0,9
"1279","mr_t6",8,0,0,11,0,0,0,0,9
"1280","mr_t6",9,3,91,13,3,4,0,7,9
"1281","mr_t6",10,3,0,2,1,5,0,4,9
"1282","mr_t6",11,0,101,8,0,0,0,0,9
"1283","mr_t6",12,0,5,2,0,0,0,0,9
"1284","mr_t6",13,3,0,5,2,4,0,13,9
"1285","mr_t6",14,3,0,8,1,4,0,8,9
"1286","mr_t6",15,2,0,11,1,4,0,6,9
"1287","mr_t6",16,0,12,34,0,0,0,0,9
"1288","mr_t6",17,1,9,6,1,4,0,3,9
"1289","mr_t6",18,0,10,15,0,0,0,0,9
"1290","mr_t6",19,1,0,5,1,4,0,3,9
"1291","mr_t6",20,3,26,36,5,4,0,6,9
"1292","mr_t6",21,6,13,14,3,4,0,16,9
"1293","mr_t6",22,3,5,14,1,4,0,5,9
"1294","mr_t6",23,4,16,20,2,4,0,8,9
"1295","mr_t6",24,2,117,4,2,4,0,8,9
"1296","mr_t6",25,0,0,10,0,0,0,0,9
"1297","mr_t6",26,2,0,19,1,5,0,4,9
"1298","mr_t6",27,1,0,4,1,1,0,2,9
"1299","mr_t6",28,3,10,7,1,5,0,10,9
"1300","mr_t6",29,1,0,11,1,4,0,3,9
"1301","mr_t6",30,1,0,6,2,4,0,5,9
"1302","mr_t6",31,1,0,8,1,3,0,3,9
"1303","mr_t7",1,0,99,44,0,0,0,0,9
"1304","mr_t7",2,0,64,56,0,0,0,0,9
"1305","mr_t7",3,0,67,78,0,0,0,0,9
"1306","mr_t7",4,0,5,21,0,0,0,0,9
"1307","mr_t7",5,0,2995,27,0,0,0,0,3
"1308","mr_t7",6,0,7,8,0,0,0,0,9
"1309","mr_t7",7,4,61,16,2,4,0,8,9
"1310","mr_t7",8,0,41,24,0,0,0,0,9
"1311","mr_t7",9,0,42,50,0,0,0,0,9
"1312","mr_t7",10,0,33,36,0,0,0,0,9
"1313","mr_t7",11,0,288,40,0,0,0,0,9
"1314","mr_t7",12,0,157,42,0,0,0,0,9
"1315","mr_t7",13,3,15,30,2,4,0,6,9
"1316","mr_t7",14,0,81,60,0,0,0,0,9
"1317","mr_t7",15,0,7,8,0,0,0,0,9
"1318","mr_t7",16,0,28,18,0,0,0,0,9
"1319","mr_t7",17,0,35,20,0,0,0,0,9
"1320","mr_t7",18,0,211,50,0,0,0,0,9
"1321","mr_t7",19,0,27,20,0,0,0,0,9
"1322","mr_t7",20,0,21,12,0,0,0,0,9
"1323","mr_t7",21,0,90,6,0,0,0,0,9
"1324","mr_t7",22,0,9,7,0,0,0,0,9
"1325","mr_t7",23,0,39,27,0,0,0,0,9
"1326","mr_t7",24,0,41,6,0,0,0,0,9
"1327","mr_t7",25,0,88,63,0,0,0,0,9
"1328","mr_t7",26,0,26,30,0,0,0,0,9
"1329","mr_t7",27,0,49,36,0,0,0,0,9
"1330","mr_t7",28,9,39,27,3,4,0,57,9
"1331","mr_t7",29,0,244,30,0,0,0,0,9
"1332","mr_t7",30,0,24,16,0,0,0,0,9
"1333","mr_t7",31,0,78,12,0,0,0,0,9
"1334","mr_t8",1,6,36,36,2,4,0,48,9
"1335","mr_t8",2,0,48,12,0,0,0,0,9
"1336","mr_t8",3,1,19,12,2,4,0,11,9
"1337","mr_t8",4,0,52,78,0,0,0,0,9
"1338","mr_t8",5,0,14,30,0,0,0,0,9
"1339","mr_t8",6,0,73,36,0,0,0,0,9
"1340","mr_t8",7,0,99,85,0,0,0,0,9
"1341","mr_t8",8,0,0,12,0,0,0,0,9
"1342","mr_t8",9,0,15,18,0,0,0,0,9
"1343","mr_t8",10,0,109,84,0,0,0,0,9
"1344","mr_t8",11,1,5,6,2,4,0,3,9
"1345","mr_t8",12,0,74,32,0,0,0,0,9
"1346","mr_t8",13,0,113,55,0,0,0,0,9
"1347","mr_t8",14,0,31,12,0,0,0,0,9
"1348","mr_t8",15,0,96,56,0,0,0,0,9
"1349","mr_t8",16,0,93,77,0,0,0,0,9
"1350","mr_t8",17,0,24,30,0,0,0,0,9
"1351","mr_t8",18,3,43,33,1,4,0,27,9
"1352","mr_t8",19,0,1364,28,0,0,0,0,3
"1353","mr_t8",20,0,46,4,0,0,0,0,9
"1354","mr_t8",21,0,41,60,0,0,0,0,9
"1355","mr_t8",22,0,38,20,0,0,0,0,9
"1356","mr_t8",23,0,26,14,0,0,0,0,9
"1357","mr_t8",24,0,51,6,0,0,0,0,9
"1358","mr_t8",25,0,43,30,0,0,0,0,9
"1359","mr_t8",26,0,63,27,0,0,0,0,9
"1360","mr_t8",27,0,11,8,0,0,0,0,9
"1361","mr_t8",28,12,30,6,2,5,0,69,9
"1362","mr_t8",29,0,23,0,0,0,0,0,9
"1363","mr_t8",30,8,40,40,2,4,0,72,9
"1364","mr_t8",31,0,18,10,0,0,0,0,9
"1365","mr_t9",1,0,7,20,0,0,0,0,9
"1366","mr_t9",2,4,42,104,2,4,0,8,9
"1367","mr_t9",3,0,43,110,0,0,0,0,9
"1368","mr_t9",4,0,52,30,0,0,0,0,9
"1369","mr_t9",5,0,57,30,0,0,0,0,9
"1370","mr_t9",6,0,37,6,0,0,0,0,9
"1371","mr_t9",7,1,11,10,1,4,0,3,9
"1372","mr_t9",8,0,7,10,0,0,0,0,9
"1373","mr_t9",9,0,26,16,0,0,0,0,9
"1374","mr_t9",10,0,54,24,0,0,0,0,9
"1375","mr_t9",11,0,18,24,0,0,0,0,9
"1376","mr_t9",12,0,37,52,0,0,0,0,9
"1377","mr_t9",13,0,39,30,0,0,0,0,9
"1378","mr_t9",14,4,45,24,1,4,0,8,9
"1379","mr_t9",15,0,37,12,0,0,0,0,9
"1380","mr_t9",16,0,43,75,0,0,0,0,9
"1381","mr_t9",17,0,49,65,0,0,0,0,9
"1382","mr_t9",18,0,41,36,0,0,0,0,9
"1383","mr_t9",19,0,86,51,0,0,0,0,9
"1384","mr_t9",20,0,14,18,0,0,0,0,9
"1385","mr_t9",21,0,60,16,0,0,0,0,9
"1386","mr_t9",22,0,56,20,0,0,0,0,9
"1387","mr_t9",23,0,34,16,0,0,0,0,9
"1388","mr_t9",24,0,68,16,0,0,0,0,9
"1389","mr_t9",25,0,0,9,0,0,0,0,9
"1390","mr_t9",26,0,51,38,0,0,0,0,9
"1391","mr_t9",27,0,82,36,0,0,0,0,9
"1392","mr_t9",28,1,5,11,1,4,0,4,9
"1393","mr_t9",29,0,55,10,0,0,0,0,9
"1394","mr_t9",30,0,65,33,0,0,0,0,9
"1395","mr_t9",31,2,5,5,2,4,0,8,9
"1396","pg_t1",1,0,39,84,0,0,0,0,9
"1397","pg_t1",2,0,9,28,0,0,0,0,9
"1398","pg_t1",3,0,41,64,0,0,0,0,9
"1399","pg_t1",4,0,78,76,0,0,0,0,9
"1400","pg_t1",5,0,8,28,0,0,0,0,9
"1401","pg_t1",6,0,37,33,0,0,0,0,9
"1402","pg_t1",7,0,18,24,0,0,0,0,9
"1403","pg_t1",8,0,28,48,0,0,0,0,9
"1404","pg_t1",9,0,30,40,0,0,0,0,9
"1405","pg_t1",10,0,19,35,0,0,0,0,9
"1406","pg_t1",11,0,16,39,0,0,0,0,9
"1407","pg_t1",12,0,16,96,0,0,0,0,9
"1408","pg_t1",13,0,34,98,0,0,0,0,9
"1409","pg_t1",14,0,26,165,0,0,0,0,9
"1410","pg_t1",15,0,26,140,0,0,0,0,9
"1411","pg_t1",16,6,47,126,1,2,0,12,9
"1412","pg_t1",17,9,70,171,1,4,0,27,9
"1413","pg_t1",18,0,19,72,0,0,0,0,9
"1414","pg_t1",19,7,81,168,1,1,0,21,9
"1415","pg_t1",20,0,16,36,0,0,0,0,9
"1416","pg_t1",21,3,17,36,4,1,0,6,9
"1417","pg_t1",22,0,16,54,0,0,0,0,9
"1418","pg_t1",23,0,28,104,0,0,0,0,9
"1419","pg_t1",24,3,25,45,1,4,0,9,9
"1420","pg_t1",25,0,22,80,0,0,0,0,9
"1421","pg_t1",26,0,87,40,0,0,0,0,9
"1422","pg_t1",27,7,59,42,1,4,0,14,9
"1423","pg_t1",28,0,37,70,0,0,0,0,9
"1424","pg_t1",29,3,20,60,1,4,0,3,9
"1425","pg_t1",30,7,41,70,1,4,0,21,9
"1426","pg_t1",31,15,36,70,1,4,0,40,9
"1427","pg_t2",1,0,7,28,0,0,0,0,9
"1428","pg_t2",2,2,7,8,0,4,0,6,9
"1429","pg_t2",3,0,0,15,0,0,0,0,9
"1430","pg_t2",4,0,3,10,0,0,0,0,9
"1431","pg_t2",5,0,0,16,0,0,0,0,9
"1432","pg_t2",6,0,8,46,0,0,0,0,9
"1433","pg_t2",7,0,0,21,0,0,0,0,9
"1434","pg_t2",8,0,4,10,0,0,0,0,9
"1435","pg_t2",9,1,0,16,0,4,0,1,9
"1436","pg_t2",10,0,5,7,0,0,0,0,9
"1437","pg_t2",11,0,0,8,0,0,0,0,9
"1438","pg_t2",12,0,27,10,0,0,0,0,9
"1439","pg_t2",13,0,3,13,0,0,0,0,9
"1440","pg_t2",14,2,7,24,0,4,0,4,9
"1441","pg_t2",15,0,0,23,0,0,0,0,9
"1442","pg_t2",16,1,4,17,1,4,0,1,9
"1443","pg_t2",17,3,43,30,1,4,0,3,9
"1444","pg_t2",18,0,111,38,0,0,0,0,9
"1445","pg_t2",19,0,35,16,0,0,0,0,9
"1446","pg_t2",20,0,0,12,0,0,0,0,9
"1447","pg_t2",21,0,3,13,0,0,0,0,9
"1448","pg_t2",22,0,0,36,0,0,0,0,9
"1449","pg_t2",23,0,0,9,0,0,0,0,9
"1450","pg_t2",24,0,8,12,0,0,0,0,9
"1451","pg_t2",25,0,0,32,0,0,0,0,9
"1452","pg_t2",26,0,5,14,0,0,0,0,9
"1453","pg_t2",27,4,36,36,1,4,0,8,9
"1454","pg_t2",28,0,5,21,0,0,0,0,9
"1455","pg_t2",29,0,0,22,0,0,0,0,9
"1456","pg_t2",31,3,12,0,1,4,0,9,9
"1457","pg_t3",1,0,10,30,0,0,0,0,9
"1458","pg_t3",2,3,10,54,1,4,0,6,9
"1459","pg_t3",3,1,0,9,1,4,0,1,9
"1460","pg_t3",4,0,2,4,0,0,0,0,9
"1461","pg_t3",5,0,3,6,0,0,0,0,9
"1462","pg_t3",6,0,3,8,0,0,0,0,9
"1463","pg_t3",7,4,13,8,1,5,0,10,9
"1464","pg_t3",8,0,9,12,0,0,0,0,9
"1465","pg_t3",9,1,3,4,2,4,0,3,9
"1466","pg_t3",10,0,9,9,0,0,0,0,9
"1467","pg_t3",11,0,0,6,0,0,0,0,9
"1468","pg_t3",12,0,23,12,0,0,0,0,9
"1469","pg_t3",13,0,56,6,0,0,0,0,9
"1470","pg_t3",14,0,10,0,0,0,0,0,9
"1471","pg_t3",15,0,0,20,0,0,0,0,9
"1472","pg_t3",16,0,7,14,0,0,0,0,9
"1473","pg_t3",17,4,18,36,1,4,0,4,9
"1474","pg_t3",18,0,15,45,0,0,0,0,9
"1475","pg_t3",19,2,15,44,5,4,0,2,9
"1476","pg_t3",20,0,5,11,0,0,0,0,9
"1477","pg_t3",21,0,7,8,0,0,0,0,9
"1478","pg_t3",22,2,13,24,2,1,0,10,9
"1479","pg_t3",23,0,3,6,0,0,0,0,9
"1480","pg_t3",24,0,6,18,0,0,0,0,9
"1481","pg_t3",25,0,9,16,0,0,0,0,9
"1482","pg_t3",27,0,6,12,0,0,0,0,9
"1483","pg_t3",28,0,8,28,0,0,0,0,9
"1484","pg_t3",29,0,5,10,0,0,0,0,9
"1485","pg_t3",30,2,6,20,1,4,0,4,9
"1486","pg_t3",31,4,14,14,4,4,0,10,9
"1487","pg_t4",1,0,4,24,0,0,0,0,9
"1488","pg_t4",2,0,3,22,0,0,0,0,9
"1489","pg_t4",3,1,3,21,1,4,0,3,9
"1490","pg_t4",4,0,32,72,0,0,0,0,9
"1491","pg_t4",5,0,0,14,0,0,0,0,9
"1492","pg_t4",6,0,3,18,0,0,0,0,9
"1493","pg_t4",7,0,3,6,0,0,0,0,9
"1494","pg_t4",8,1,2,14,2,1,0,4,9
"1495","pg_t4",9,1,0,8,1,4,0,2,9
"1496","pg_t4",10,0,0,29,0,0,0,0,9
"1497","pg_t4",11,0,3,17,0,0,0,0,9
"1498","pg_t4",12,0,4,20,0,0,0,0,9
"1499","pg_t4",13,0,3,20,0,0,0,0,9
"1500","pg_t4",14,0,3,15,0,0,0,0,9
"1501","pg_t4",15,0,0,19,0,0,0,0,9
"1502","pg_t4",16,1,3,18,0,4,0,1,9
"1503","pg_t4",17,0,3,26,0,0,0,0,9
"1504","pg_t4",18,0,6,34,0,0,0,0,9
"1505","pg_t4",19,0,0,16,0,0,0,0,9
"1506","pg_t4",20,0,3,15,0,0,0,0,9
"1507","pg_t4",21,0,0,13,0,0,0,0,9
"1508","pg_t4",22,0,0,11,0,0,0,0,9
"1509","pg_t4",23,0,0,18,0,0,0,0,9
"1510","pg_t4",24,1,0,21,1,4,0,2,9
"1511","pg_t4",25,0,3,13,0,0,0,0,9
"1512","pg_t4",26,0,0,16,0,0,0,0,9
"1513","pg_t4",27,4,0,8,1,4,0,7,9
"1514","pg_t4",28,1,3,13,0,4,0,1,9
"1515","pg_t4",29,1,0,24,2,1,0,2,9
"1516","pg_t4",30,1,2,8,1,4,0,3,9
"1517","pg_t4",31,0,0,15,0,0,0,0,9
"1518","pg_t5",1,0,190,468,0,0,0,0,2
"1519","pg_t5",2,0,15224,405,0,0,0,0,5
"1520","pg_t5",3,0,109,560,0,0,0,0,2
"1521","pg_t5",4,0,36,608,0,0,0,0,2
"1522","pg_t5",5,0,21,147,0,0,0,0,9
"1523","pg_t5",6,0,88,290,0,0,0,0,2
"1524","pg_t5",7,0,99,414,0,0,0,0,2
"1525","pg_t5",8,0,83,486,0,0,0,0,2
"1526","pg_t5",9,0,79,371,0,0,0,0,2
"1527","pg_t5",10,0,26,141,0,0,0,0,9
"1528","pg_t5",11,0,26,165,0,0,0,0,9
"1529","pg_t5",12,0,84,354,0,0,0,0,2
"1530","pg_t5",13,0,33,365,0,0,0,0,2
"1531","pg_t5",14,0,85,670,0,0,0,0,1
"1532","pg_t5",15,0,18,180,0,0,0,0,9
"1533","pg_t5",16,0,81,300,0,0,0,0,2
"1534","pg_t5",17,0,84,531,0,0,0,0,2
"1535","pg_t5",18,0,46,490,0,0,0,0,2
"1536","pg_t5",19,0,80,434,0,0,0,0,2
"1537","pg_t5",20,0,65,558,0,0,0,0,2
"1538","pg_t5",21,0,60,432,0,0,0,0,2
"1539","pg_t5",22,0,43,390,0,0,0,0,2
"1540","pg_t5",23,0,109,590,0,0,0,0,2
"1541","pg_t5",24,0,189,564,0,0,0,0,2
"1542","pg_t5",25,0,60,693,0,0,0,0,1
"1543","pg_t5",26,0,12,162,0,0,0,0,9
"1544","pg_t5",27,0,27,196,0,0,0,0,9
"1545","pg_t5",28,0,58,392,0,0,0,0,2
"1546","pg_t5",29,0,28,348,0,0,0,0,2
"1547","pg_t5",30,7,27,455,1,4,0,21,2
"1548","pg_t5",31,0,76,140,0,0,0,0,9
"1549","pg_t6",1,0,6,43,0,0,0,0,9
"1550","pg_t6",2,0,3,51,0,0,0,0,9
"1551","pg_t6",3,3,0,71,5,4,0,9,9
"1552","pg_t6",4,0,3,66,0,0,0,0,9
"1553","pg_t6",5,0,0,50,0,0,0,0,9
"1554","pg_t6",6,0,3,60,0,0,0,0,9
"1555","pg_t6",7,1,0,72,1,4,0,1,9
"1556","pg_t6",8,1,0,72,1,4,0,3,9
"1557","pg_t6",9,2,0,28,1,4,0,2,9
"1558","pg_t6",10,0,0,27,0,0,0,0,9
"1559","pg_t6",11,2,8,122,1,4,0,4,9
"1560","pg_t6",12,0,0,52,0,0,0,0,9
"1561","pg_t6",13,1,0,63,4,1,0,1,9
"1562","pg_t6",14,0,6,51,0,0,0,0,9
"1563","pg_t6",15,1,0,64,1,4,0,1,9
"1564","pg_t6",16,2,2,57,1,4,0,3,9
"1565","pg_t6",17,1,3,46,0,4,0,1,9
"1566","pg_t6",18,0,4,138,0,0,0,0,9
"1567","pg_t6",19,0,0,70,0,0,0,0,9
"1568","pg_t6",20,2,0,88,1,4,0,3,9
"1569","pg_t6",21,1,0,49,1,4,0,2,9
"1570","pg_t6",22,0,2,112,0,0,0,0,9
"1571","pg_t6",23,3,2,63,1,5,0,1,9
"1572","pg_t6",24,2,2,31,1,4,0,6,9
"1573","pg_t6",25,0,0,45,0,0,0,0,9
"1574","pg_t6",26,1,0,46,4,4,1,4,9
"1575","pg_t6",27,0,0,45,0,0,0,0,9
"1576","pg_t6",28,0,3,41,0,0,0,0,9
"1577","pg_t6",29,1,0,71,1,4,0,2,9
"1578","pg_t6",30,1,0,45,1,4,0,2,9
"1579","pg_t6",31,3,2,9,1,4,0,10,9
"1580","pg_t7",1,0,0,22,0,0,0,0,9
"1581","pg_t7",2,0,0,37,0,0,0,0,9
"1582","pg_t7",3,0,0,53,0,0,0,0,9
"1583","pg_t7",4,0,0,23,0,0,0,0,9
"1584","pg_t7",5,0,28,62,0,0,0,0,9
"1585","pg_t7",6,0,0,23,0,0,0,0,9
"1586","pg_t7",7,0,0,28,0,0,0,0,9
"1587","pg_t7",8,0,0,11,0,0,0,0,9
"1588","pg_t7",9,0,0,24,0,0,0,0,9
"1589","pg_t7",10,0,0,21,0,0,0,0,9
"1590","pg_t7",11,0,0,36,0,0,0,0,9
"1591","pg_t7",12,0,0,32,0,0,0,0,9
"1592","pg_t7",13,0,3,30,0,0,0,0,9
"1593","pg_t7",14,0,0,20,0,0,0,0,9
"1594","pg_t7",15,0,0,36,0,0,0,0,9
"1595","pg_t7",16,0,0,42,0,0,0,0,9
"1596","pg_t7",17,0,0,15,0,0,0,0,9
"1597","pg_t7",18,0,0,33,0,0,0,0,9
"1598","pg_t7",19,0,4,26,0,0,0,0,9
"1599","pg_t7",20,0,0,40,0,0,0,0,9
"1600","pg_t7",21,0,4,34,0,0,0,0,9
"1601","pg_t7",22,0,0,54,0,0,0,0,9
"1602","pg_t7",23,0,0,60,0,0,0,0,9
"1603","pg_t7",24,0,0,39,0,0,0,0,9
"1604","pg_t7",25,0,4,34,0,0,0,0,9
"1605","pg_t7",26,0,5,48,0,0,0,0,9
"1606","pg_t7",27,4,7,26,1,4,0,12,9
"1607","pg_t7",28,0,0,47,0,0,0,0,9
"1608","pg_t7",29,0,0,28,0,0,0,0,9
"1609","pg_t7",30,0,0,23,0,0,0,0,9
"1610","pg_t7",31,0,0,8,0,0,0,0,9
"1611","pg_t8",1,0,35,210,0,0,0,0,2
"1612","pg_t8",2,0,28,270,0,0,0,0,2
"1613","pg_t8",3,0,48,438,0,0,0,0,2
"1614","pg_t8",4,0,47,360,0,0,0,0,2
"1615","pg_t8",5,0,135,520,0,0,0,0,2
"1616","pg_t8",6,0,94,280,0,0,0,0,2
"1617","pg_t8",7,0,65,82,0,0,0,0,9
"1618","pg_t8",8,0,61,180,0,0,0,0,9
"1619","pg_t8",9,0,11,132,0,0,0,0,9
"1620","pg_t8",10,0,79,451,0,0,0,0,2
"1621","pg_t8",11,0,33,294,0,0,0,0,2
"1622","pg_t8",12,0,13,34,0,0,0,0,9
"1623","pg_t8",13,0,28,92,0,0,0,0,9
"1624","pg_t8",14,0,45,231,0,0,0,0,2
"1625","pg_t8",15,0,34,235,0,0,0,0,2
"1626","pg_t8",16,0,64,441,0,0,0,0,2
"1627","pg_t8",17,0,54,308,0,0,0,0,2
"1628","pg_t8",18,0,83,512,0,0,0,0,2
"1629","pg_t8",19,0,61,352,0,0,0,0,2
"1630","pg_t8",20,0,29,357,0,0,0,0,2
"1631","pg_t8",21,0,27,195,0,0,0,0,9
"1632","pg_t8",22,0,20,168,0,0,0,0,9
"1633","pg_t8",23,2,13,128,0,4,0,2,9
"1634","pg_t8",24,4,25,240,1,4,0,4,2
"1635","pg_t8",25,0,194,200,0,0,0,0,2
"1636","pg_t8",26,7,35,434,0,4,0,21,2
"1637","pg_t8",27,12,55,164,1,4,0,24,9
"1638","pg_t8",28,0,39,222,0,0,0,0,2
"1639","pg_t8",29,0,130,240,0,0,0,0,2
"1640","pg_t8",30,7,53,441,1,4,0,14,2
"1641","pg_t8",31,3,87,108,0,4,0,3,9
"1642","pg_t9",1,0,0,96,0,0,0,0,9
"1643","pg_t9",2,0,6,194,0,0,0,0,9
"1644","pg_t9",3,0,0,112,0,0,0,0,9
"1645","pg_t9",4,0,3,114,0,0,0,0,9
"1646","pg_t9",5,0,0,97,0,0,0,0,9
"1647","pg_t9",6,0,3,86,0,0,0,0,9
"1648","pg_t9",7,0,0,85,0,0,0,0,9
"1649","pg_t9",8,0,0,82,0,0,0,0,9
"1650","pg_t9",9,0,6,166,0,0,0,0,9
"1651","pg_t9",10,1,0,60,0,4,0,2,9
"1652","pg_t9",11,0,0,57,0,0,0,0,9
"1653","pg_t9",12,0,0,55,0,0,0,0,9
"1654","pg_t9",13,0,0,51,0,0,0,0,9
"1655","pg_t9",14,0,5,81,0,0,0,0,9
"1656","pg_t9",15,0,0,53,0,0,0,0,9
"1657","pg_t9",16,0,0,86,0,0,0,0,9
"1658","pg_t9",17,0,0,75,0,0,0,0,9
"1659","pg_t9",18,0,4,100,0,0,0,0,9
"1660","pg_t9",19,0,0,87,0,0,0,0,9
"1661","pg_t9",20,0,10,216,0,0,0,0,2
"1662","pg_t9",21,0,3,111,0,0,0,0,9
"1663","pg_t9",22,0,2,83,0,0,0,0,9
"1664","pg_t9",23,1,0,120,4,4,0,3,9
"1665","pg_t9",24,0,0,110,0,0,0,0,9
"1666","pg_t9",25,0,0,131,0,0,0,0,9
"1667","pg_t9",26,0,0,63,0,0,0,0,9
"1668","pg_t9",27,0,8,232,0,0,0,0,2
"1669","pg_t9",28,0,0,87,0,0,0,0,9
"1670","pg_t9",29,0,0,88,0,0,0,0,9
"1671","pg_t9",30,1,0,57,1,4,0,2,9
"1672","pg_t9",31,0,4,61,0,0,0,0,9
"1673","yn_t1",1,0,0,4,0,0,0,0,9
"1674","yn_t1",2,0,18,8,0,0,0,0,9
"1675","yn_t1",3,0,59,30,0,0,0,0,9
"1676","yn_t1",4,0,19,60,0,0,0,0,9
"1677","yn_t1",5,0,13,2,0,0,0,0,9
"1678","yn_t1",6,0,30,30,0,0,0,0,9
"1679","yn_t1",7,0,195,120,0,0,0,0,9
"1680","yn_t1",8,0,56,60,0,0,0,0,9
"1681","yn_t1",9,0,187,120,0,0,0,0,9
"1682","yn_t1",10,0,7,10,0,0,0,0,9
"1683","yn_t1",11,0,10,26,0,0,0,0,9
"1684","yn_t1",12,0,79,77,0,0,0,0,9
"1685","yn_t1",13,0,7,24,0,0,0,0,9
"1686","yn_t1",14,0,65,56,0,0,0,0,9
"1687","yn_t1",15,0,39,42,0,0,0,0,9
"1688","yn_t1",16,0,67,48,0,0,0,0,9
"1689","yn_t1",17,0,583,18,0,0,0,0,9
"1690","yn_t1",18,3,85,27,1,4,0,12,9
"1691","yn_t1",19,0,290,80,0,0,0,0,9
"1692","yn_t1",20,0,20,16,0,0,0,0,9
"1693","yn_t1",21,0,0,10,0,0,0,0,9
"1694","yn_t1",22,0,26,16,0,0,0,0,9
"1695","yn_t1",23,0,10,38,0,0,0,0,9
"1696","yn_t1",24,0,0,4,0,0,0,0,9
"1697","yn_t1",25,0,7,26,0,0,0,0,9
"1698","yn_t1",26,0,205,54,0,0,0,0,9
"1699","yn_t1",27,0,29,12,0,0,0,0,9
"1700","yn_t1",28,0,26,20,0,0,0,0,9
"1701","yn_t1",29,0,111,18,0,0,0,0,9
"1702","yn_t1",30,0,67,27,0,0,0,0,9
"1703","yn_t1",31,0,9,6,0,0,0,0,9
"1704","yn_t2",1,8,118,120,0,4,0,32,9
"1705","yn_t2",2,9,330,189,0,4,0,36,2
"1706","yn_t2",3,6,205,96,1,2,0,24,9
"1707","yn_t2",4,0,840,144,0,0,0,0,3
"1708","yn_t2",5,0,487,140,0,0,0,0,2
"1709","yn_t2",6,0,12,20,0,0,0,0,9
"1710","yn_t2",7,0,467,105,0,0,0,0,9
"1711","yn_t2",8,0,130,96,0,0,0,0,9
"1712","yn_t2",9,0,310,98,0,0,0,0,9
"1713","yn_t2",10,0,215,176,0,0,0,0,2
"1714","yn_t2",11,3,252,75,1,4,0,3,9
"1715","yn_t2",12,0,159,54,0,0,0,0,9
"1716","yn_t2",13,0,266,68,0,0,0,0,9
"1717","yn_t2",14,0,457,132,0,0,0,0,2
"1718","yn_t2",15,0,104,108,0,0,0,0,9
"1719","yn_t2",16,0,147,273,0,0,0,0,2
"1720","yn_t2",17,0,1010,286,0,0,0,0,3
"1721","yn_t2",18,0,519,186,0,0,0,0,2
"1722","yn_t2",19,0,322,253,0,0,0,0,2
"1723","yn_t2",20,0,89,126,0,0,0,0,9
"1724","yn_t2",21,0,221,156,0,0,0,0,9
"1725","yn_t2",22,0,61,102,0,0,0,0,9
"1726","yn_t2",23,0,185,161,0,0,0,0,9
"1727","yn_t2",24,8,664,128,0,4,0,8,2
"1728","yn_t2",25,0,133,50,0,0,0,0,9
"1729","yn_t2",26,0,676,147,0,0,0,0,2
"1730","yn_t2",27,0,36,64,0,0,0,0,9
"1731","yn_t2",28,8,90,88,1,1,0,48,9
"1732","yn_t2",29,0,180,66,0,0,0,0,9
"1733","yn_t2",30,25,203,125,1,4,0,100,9
"1734","yn_t2",31,0,226,117,0,0,0,0,9
"1735","yn_t3",1,1,0,123,1,1,0,4,9
"1736","yn_t3",2,0,5,104,0,0,0,0,9
"1737","yn_t3",3,0,15,140,0,0,0,0,9
"1738","yn_t3",4,0,37,163,0,0,0,0,9
"1739","yn_t3",5,0,0,144,0,0,0,0,9
"1740","yn_t3",6,0,7,130,0,0,0,0,9
"1741","yn_t3",7,0,7,182,0,0,0,0,9
"1742","yn_t3",8,0,0,109,0,0,0,0,9
"1743","yn_t3",9,0,0,137,0,0,0,0,9
"1744","yn_t3",10,0,9,218,0,0,0,0,2
"1745","yn_t3",11,0,16,252,0,0,0,0,2
"1746","yn_t3",12,0,7,87,0,0,0,0,9
"1747","yn_t3",13,0,7,119,0,0,0,0,9
"1748","yn_t3",14,0,0,124,0,0,0,0,9
"1749","yn_t3",15,0,9,104,0,0,0,0,9
"1750","yn_t3",16,0,0,134,0,0,0,0,9
"1751","yn_t3",17,0,0,146,0,0,0,0,9
"1752","yn_t3",18,1,0,139,2,4,0,13,9
"1753","yn_t3",19,0,0,136,0,0,0,0,9
"1754","yn_t3",20,0,0,105,0,0,0,0,9
"1755","yn_t3",21,4,34,480,2,4,0,8,2
"1756","yn_t3",22,0,0,110,0,0,0,0,9
"1757","yn_t3",23,0,11,100,0,0,0,0,9
"1758","yn_t3",24,0,10,110,0,0,0,0,9
"1759","yn_t3",25,0,0,123,0,0,0,0,9
"1760","yn_t3",26,2,0,103,0,4,0,3,9
"1761","yn_t3",27,2,27,114,0,4,0,3,9
"1762","yn_t3",28,0,0,107,0,0,0,0,9
"1763","yn_t3",29,0,0,130,0,0,0,0,9
"1764","yn_t3",30,0,0,109,0,0,0,0,9
"1765","yn_t3",31,0,9,89,0,0,0,0,9
"1766","yn_t4",1,0,14,32,0,0,0,0,9
"1767","yn_t4",2,0,0,22,0,0,0,0,9
"1768","yn_t4",3,0,0,16,0,0,0,0,9
"1769","yn_t4",4,0,0,26,0,0,0,0,9
"1770","yn_t4",5,0,76,126,0,0,0,0,9
"1771","yn_t4",6,0,23,87,0,0,0,0,9
"1772","yn_t4",7,0,5,38,0,0,0,0,9
"1773","yn_t4",8,0,22,54,0,0,0,0,9
"1774","yn_t4",9,0,0,13,0,0,0,0,9
"1775","yn_t4",10,0,26,56,0,0,0,0,9
"1776","yn_t4",11,0,0,17,0,0,0,0,9
"1777","yn_t4",12,0,12,46,0,0,0,0,9
"1778","yn_t4",13,0,31,24,0,0,0,0,9
"1779","yn_t4",14,0,66,76,0,0,0,0,9
"1780","yn_t4",15,0,141,18,0,0,0,0,9
"1781","yn_t4",16,0,15,56,0,0,0,0,9
"1782","yn_t4",17,0,18,45,0,0,0,0,9
"1783","yn_t4",18,0,35,56,0,0,0,0,9
"1784","yn_t4",19,0,10,22,0,0,0,0,9
"1785","yn_t4",20,0,18,28,0,0,0,0,9
"1786","yn_t4",21,0,4,25,0,0,0,0,9
"1787","yn_t4",22,0,7,22,0,0,0,0,9
"1788","yn_t4",23,0,0,17,0,0,0,0,9
"1789","yn_t4",24,0,24,48,0,0,0,0,9
"1790","yn_t4",25,0,7,19,0,0,0,0,9
"1791","yn_t4",26,0,43,30,0,0,0,0,9
"1792","yn_t4",27,0,9,70,0,0,0,0,9
"1793","yn_t4",28,6,5,29,2,5,0,22,9
"1794","yn_t4",29,6,31,84,1,5,0,15,9
"1795","yn_t4",30,2,7,22,1,2,0,14,9
"1796","yn_t4",31,0,39,84,0,0,0,0,9
"1797","yn_t5",1,1,0,20,0,4,0,2,9
"1798","yn_t5",2,0,0,8,0,0,0,0,9
"1799","yn_t5",3,0,0,28,0,0,0,0,9
"1800","yn_t5",4,0,5,16,0,0,0,0,9
"1801","yn_t5",5,0,0,12,0,0,0,0,9
"1802","yn_t5",6,0,0,18,0,0,0,0,9
"1803","yn_t5",7,0,0,24,0,0,0,0,9
"1804","yn_t5",8,0,0,19,0,0,0,0,9
"1805","yn_t5",9,0,0,19,0,0,0,0,9
"1806","yn_t5",10,0,0,14,0,0,0,0,9
"1807","yn_t5",11,0,0,12,0,0,0,0,9
"1808","yn_t5",12,0,0,6,0,0,0,0,9
"1809","yn_t5",13,0,0,16,0,0,0,0,9
"1810","yn_t5",14,0,0,14,0,0,0,0,9
"1811","yn_t5",15,0,0,4,0,0,0,0,9
"1812","yn_t5",16,0,0,12,0,0,0,0,9
"1813","yn_t5",17,0,0,8,0,0,0,0,9
"1814","yn_t5",18,0,0,11,0,0,0,0,9
"1815","yn_t5",19,0,0,21,0,0,0,0,9
"1816","yn_t5",20,0,0,17,0,0,0,0,9
"1817","yn_t5",21,0,0,18,0,0,0,0,9
"1818","yn_t5",22,0,0,19,0,0,0,0,9
"1819","yn_t5",23,0,0,15,0,0,0,0,9
"1820","yn_t5",24,0,0,18,0,0,0,0,9
"1821","yn_t5",25,0,0,19,0,0,0,0,9
"1822","yn_t5",26,0,0,4,0,0,0,0,9
"1823","yn_t5",27,0,0,8,0,0,0,0,9
"1824","yn_t5",28,1,4,10,1,4,0,5,9
"1825","yn_t5",29,2,6,7,1,4,0,9,9
"1826","yn_t5",30,0,0,13,0,0,0,0,9
"1827","yn_t5",31,0,0,9,0,0,0,0,9
"1828","yn_t6",1,1,0,4,0,4,0,2,9
"1829","yn_t6",2,3,0,20,3,4,0,11,9
"1830","yn_t6",3,1,4,12,1,4,0,3,9
"1831","yn_t6",4,0,0,12,0,0,0,0,9
"1832","yn_t6",5,0,0,8,0,0,0,0,9
"1833","yn_t6",6,0,49,39,0,0,0,0,9
"1834","yn_t6",7,0,16,34,0,0,0,0,9
"1835","yn_t6",8,0,12,26,0,0,0,0,9
"1836","yn_t6",9,0,21,12,0,0,0,0,9
"1837","yn_t6",10,2,20,12,2,4,0,4,9
"1838","yn_t6",11,5,74,15,2,4,0,15,9
"1839","yn_t6",12,0,0,6,0,0,0,0,9
"1840","yn_t6",13,1,108,15,2,4,0,9,9
"1841","yn_t6",14,0,9,13,0,0,0,0,9
"1842","yn_t6",15,1,7,10,2,1,0,1,9
"1843","yn_t6",16,0,0,16,0,0,0,0,9
"1844","yn_t6",17,0,19,30,0,0,0,0,9
"1845","yn_t6",18,0,0,8,0,0,0,0,9
"1846","yn_t6",19,0,0,14,0,0,0,0,9
"1847","yn_t6",20,1,26,4,1,3,0,2,9
"1848","yn_t6",21,0,18,48,0,0,0,0,9
"1849","yn_t6",22,2,29,11,0,4,0,4,9
"1850","yn_t6",23,0,7,11,0,0,0,0,9
"1851","yn_t6",24,0,0,14,0,0,0,0,9
"1852","yn_t6",25,1,0,16,0,4,0,2,9
"1853","yn_t6",26,3,19,8,1,4,0,15,9
"1854","yn_t6",27,4,16,26,2,4,0,8,9
"1855","yn_t6",28,12,26,38,4,4,0,24,9
"1856","yn_t6",29,12,19,18,1,4,0,27,9
"1857","yn_t6",30,5,11,26,1,5,0,22,9
"1858","yn_t6",31,3,0,18,1,4,0,9,9
"1859","yn_t7",1,0,129,36,0,0,0,0,9
"1860","yn_t7",2,0,0,11,0,0,0,0,9
"1861","yn_t7",3,0,66,75,0,0,0,0,9
"1862","yn_t7",4,0,25,18,0,0,0,0,9
"1863","yn_t7",5,0,11,22,0,0,0,0,9
"1864","yn_t7",6,0,0,27,0,0,0,0,9
"1865","yn_t7",7,0,50,14,0,0,0,0,9
"1866","yn_t7",8,0,22,20,0,0,0,0,9
"1867","yn_t7",9,0,80,34,0,0,0,0,9
"1868","yn_t7",10,0,29,63,0,0,0,0,9
"1869","yn_t7",11,0,52,20,0,0,0,0,9
"1870","yn_t7",12,2,34,22,1,4,0,10,9
"1871","yn_t7",13,0,0,26,0,0,0,0,9
"1872","yn_t7",14,0,41,20,0,0,0,0,9
"1873","yn_t7",15,0,156,24,0,0,0,0,9
"1874","yn_t7",16,0,105,57,0,0,0,0,9
"1875","yn_t7",17,0,5,9,0,0,0,0,9
"1876","yn_t7",18,0,541,9,0,0,0,0,9
"1877","yn_t7",19,0,23,28,0,0,0,0,9
"1878","yn_t7",20,0,44,12,0,0,0,0,9
"1879","yn_t7",21,0,26,24,0,0,0,0,9
"1880","yn_t7",22,1,7,14,1,4,0,4,9
"1881","yn_t7",23,0,13,16,0,0,0,0,9
"1882","yn_t7",24,0,13,13,0,0,0,0,9
"1883","yn_t7",25,0,335,10,0,0,0,0,9
"1884","yn_t7",26,0,62,44,0,0,0,0,9
"1885","yn_t7",27,0,110,52,0,0,0,0,9
"1886","yn_t7",28,0,22,24,0,0,0,0,9
"1887","yn_t7",29,0,0,8,0,0,0,0,9
"1888","yn_t7",30,0,142,24,0,0,0,0,9
"1889","yn_t7",31,0,97,16,0,0,0,0,9
"1890","yn_t8",1,0,15,16,0,0,0,0,9
"1891","yn_t8",2,0,25,8,0,0,0,0,9
"1892","yn_t8",3,0,43,4,0,0,0,0,9
"1893","yn_t8",4,0,63,24,0,0,0,0,9
"1894","yn_t8",5,0,40,33,0,0,0,0,9
"1895","yn_t8",6,0,0,13,0,0,0,0,9
"1896","yn_t8",7,0,5,13,0,0,0,0,9
"1897","yn_t8",8,0,49,17,0,0,0,0,9
"1898","yn_t8",9,0,26,24,0,0,0,0,9
"1899","yn_t8",10,0,208,90,0,0,0,0,9
"1900","yn_t8",11,0,5,9,0,0,0,0,9
"1901","yn_t8",12,0,20,42,0,0,0,0,9
"1902","yn_t8",13,0,25,26,0,0,0,0,9
"1903","yn_t8",14,0,53,33,0,0,0,0,9
"1904","yn_t8",15,0,59,35,0,0,0,0,9
"1905","yn_t8",16,0,16,11,0,0,0,0,9
"1906","yn_t8",17,2,11,13,1,5,0,9,9
"1907","yn_t8",18,0,78,60,0,0,0,0,9
"1908","yn_t8",19,0,63,33,0,0,0,0,9
"1909","yn_t8",20,0,58,24,0,0,0,0,9
"1910","yn_t8",21,0,115,36,0,0,0,0,9
"1911","yn_t8",22,0,17,8,0,0,0,0,9
"1912","yn_t8",23,0,61,12,0,0,0,0,9
"1913","yn_t8",24,0,0,6,0,0,0,0,9
"1914","yn_t8",25,0,31,11,0,0,0,0,9
"1915","yn_t8",26,0,81,69,0,0,0,0,9
"1916","yn_t8",27,1,0,12,0,4,0,2,9
"1917","yn_t8",28,4,53,44,1,4,0,24,9
"1918","yn_t8",29,0,25,6,0,0,0,0,9
"1919","yn_t8",30,0,4,6,0,0,0,0,9
"1920","yn_t8",31,0,24,6,0,0,0,0,9
"1921","yn_t9",1,6,89,156,0,4,0,24,9
"1922","yn_t9",2,3,43,57,0,4,0,12,9
"1923","yn_t9",3,0,26,30,0,0,0,0,9
"1924","yn_t9",4,0,16,50,0,0,0,0,9
"1925","yn_t9",5,0,71,60,0,0,0,0,9
"1926","yn_t9",6,0,54,66,0,0,0,0,9
"1927","yn_t9",7,0,12,32,0,0,0,0,9
"1928","yn_t9",8,0,45,54,0,0,0,0,9
"1929","yn_t9",9,0,54,54,0,0,0,0,9
"1930","yn_t9",10,0,33,18,0,0,0,0,9
"1931","yn_t9",11,0,12,26,0,0,0,0,9
"1932","yn_t9",12,0,27,44,0,0,0,0,9
"1933","yn_t9",13,0,18,20,0,0,0,0,9
"1934","yn_t9",14,0,30,100,0,0,0,0,9
"1935","yn_t9",15,0,172,48,0,0,0,0,9
"1936","yn_t9",16,0,10,34,0,0,0,0,9
"1937","yn_t9",17,0,44,30,0,0,0,0,9
"1938","yn_t9",18,0,7,10,0,0,0,0,9
"1939","yn_t9",19,0,14,46,0,0,0,0,9
"1940","yn_t9",20,0,31,18,0,0,0,0,9
"1941","yn_t9",21,0,0,14,0,0,0,0,9
"1942","yn_t9",22,0,89,24,0,0,0,0,9
"1943","yn_t9",23,0,40,36,0,0,0,0,9
"1944","yn_t9",24,0,54,20,0,0,0,0,9
"1945","yn_t9",25,0,34,96,0,0,0,0,9
"1946","yn_t9",26,0,26,8,0,0,0,0,9
"1947","yn_t9",27,0,9,11,0,0,0,0,9
"1948","yn_t9",28,3,9,31,2,4,0,11,9
"1949","yn_t9",29,0,42,119,0,0,0,0,9
"1950","yn_t9",30,0,60,180,0,0,0,0,9
"1951","yn_t9",31,4,38,22,1,4,2,16,9
